fn_org,fn_org_cln
"]<;""+-#",INVALID
ASHA,ASHA
BreANA,BREANA
]{{[?([<,INVALID
0900,INVALID
44353,INVALID
?}[*]&/`@,INVALID
eboNY,EBONY
BEnJAMIN,BENJAMIN
119372,INVALID
06620,INVALID
500636859,INVALID
lIlY,LILY
63553150,INVALID
50753,INVALID
">:^}?,",INVALID
&~~_`,INVALID
caTHERINE,CATHERINE
+>\^^=^,INVALID
"?,(?~*.",INVALID
OLIvIA,OLIVIA
3094,INVALID
BREE,BREE
tIMoTHY,TIMOTHY
"""{!"")?",INVALID
79199,INVALID
|${_){,INVALID
965,INVALID
84463300,INVALID
525406,INVALID
{++__,INVALID
"+""\-~<=",INVALID
331135,INVALID
DELANEY,DELANEY
!<*~.!),INVALID
3416,INVALID
{*+~,INVALID
DReCKOW,DRECKOW
<^[)#$},INVALID
ARAbELLA,ARABELLA
"-+*""[|",INVALID
ANNAbeLLA,ANNABELLA
480457,INVALID
"#""*,",INVALID
SHONA,SHONA
296997,INVALID
MONTANa,MONTANA
6096,INVALID
HOlLY,HOLLY
\(-/,INVALID
THoMaS,THOMAS
WILSoN,WILLSON
HeMry,HENRY
jOSHFUA,JOSHUA
'(]!,INVALID
jAMES,JAMES
=<?.=`#,INVALID
LOGAN,LOGAN
AlISA,ALISA
^#|(.,INVALID
iSABELlA,ISABELLA
]:*%`{#,INVALID
INdIA,INDIA
)_*'_,INVALID
`].&\,INVALID
)>&.:>+,INVALID
7222,INVALID
64417,INVALID
ElIZAbEtH,ELIZABETH
".@:,|",INVALID
#+(@~,INVALID
"@-\\',\.>",INVALID
119982,INVALID
isAbELLA,ISABELLA
BaILRY,BAILRY
DaNIEL,DANIEL
751096,INVALID
=|<+?],INVALID
080998,INVALID
.%$\|'*<{,INVALID
4807341,INVALID
MITcHELl,MITCHELL
SAMaNtHA,SAMANTHA
600024,INVALID
SARAH,SARAH
SAMANThA,SAMANTHA
?&?^,INVALID
3538,INVALID
NEVE,NEVE
56653754,INVALID
9843462,INVALID
",<*{",INVALID
cAMeROn,CAMERON
=:$?>,INVALID
aLIA,ALIA
EMIiLy,EMILY
19864698,INVALID
"%{+:|,^+",INVALID
MAKEnzI,MAKENZI
&);^}',INVALID
'(~<-'(,INVALID
MIcHaEL,MICHAEL
LAUrA,LAURA
"""<~;&@",INVALID
haYDEN,HAYDEN
"*(`&""",INVALID
ELLEN,ELLEN
MIChAEl,MICHAEL
19602,INVALID
#~!=,INVALID
?^>>);,INVALID
411778,INVALID
3884,INVALID
78009758,INVALID
".,\=",INVALID
lILIaN,LILIAN
Mia,MIA
DILLON,DILLON
LaUReN,LAUREN
"),=\$<"")",INVALID
JaCob,JACOB
4930,INVALID
3107,INVALID
8014459,INVALID
8482,INVALID
MarcUS,MARCUS
080627,INVALID
*&?[`&},INVALID
~)$;,INVALID
)'*\'~,INVALID
cALLUM,CALLUM
kyNAN,
JOEl,JOEL
BREnDAN,BRENDAN
RiLEY,RILEY
"@%,##",INVALID
FINlA,FINLA
wILLiAM,WILLIAM
LEE,LEE
tOBY,TOBY
050689,INVALID
BAYDeN,BIDEN
BAYLEY,BAYLEY
966727531,INVALID
5135,INVALID
TAyAH,
KRISTO,KRISTO
09869,INVALID
BRoOKLYN,BROOKLYN
823641970,INVALID
aMY,AMY
/?/^:-,INVALID
MatTHEW,MATTHEW
beTHaNIE,
CoNnoR,CONNOR
-(@;{},INVALID
CHARLOtTE,CHARLOTTE
34595,INVALID
sTEphANIe,STEPHANIE
:_/'\<,INVALID
EvaN,EVAN
67434,INVALID
4758176,INVALID
5503607,INVALID
869951,INVALID
48472114,INVALID
caTHerINE,CATHERINE
`<$>|,INVALID
)'[.{-',INVALID
586710,INVALID
APRiL,APRIL
"`)__,",INVALID
99056195,INVALID
6957248,INVALID
/^&@=,INVALID
0648138,INVALID
954105,INVALID
{?:\<=];,INVALID
?+^$)\!,INVALID
3501,INVALID
AnTONiO,ANTONIO
NICHoLAS,NICHOLAS
CAItLIn,CAITLIN
NichOLAS,NICHOLAS
9755,INVALID
"'^@-""%<&",INVALID
"_""&`+[",INVALID
901336,INVALID
7520504,INVALID
BENJAmIN,BENJAMIN
-*=-+#,INVALID
"'#:""*=&",INVALID
ANNAbELLa,ANNABELLA
"^{"")",INVALID
?;|,INVALID
22566,INVALID
38044,INVALID
laCHLAN,LACHLAN
{+@`*(,INVALID
550,INVALID
00280450,INVALID
=.^=^,INVALID
446471,INVALID
215473,INVALID
11863,INVALID
%.-[-*}:,INVALID
085315,INVALID
LIANA,LIANA
/]/|,INVALID
45905987,INVALID
11941753,INVALID
<*!+);/>,INVALID
4062950,INVALID
77425,INVALID
TyLAh,TYLAH
LaChLAN,LACHLAN
371220,INVALID
743,INVALID
cHARLOtTE,CHARLOTTE
""">-_=",INVALID
GRACe,GRACE
1625423,INVALID
gracE,GRACE
8698461,INVALID
055082,INVALID
TYleR,TYLER
SAM,SAM
]@[:(},INVALID
KoDY,KODY
?^?.]'`,INVALID
38789,INVALID
TImoTHY,TIMOTHY
MiTCHeLl,MITCHELL
39840894,INVALID
KELSEY,KELSEY
745110,INVALID
nATALiA,NATALIA
"#<}:,",INVALID
]|=|/|>$<$,INVALID
11929098,INVALID
{`+)*,INVALID
"*,$]!,,",INVALID
]{>%??+],INVALID
}'\$:,INVALID
",/%<%?\",INVALID
281230,INVALID
54736,INVALID
06892,INVALID
0629005,INVALID
mAdeLEiNE,MADELEINE
hAYLee,HAILEY
",+;[.\",INVALID
"$,/!_-",INVALID
"_""""'",INVALID
_.;,INVALID
tImOTHy,TIMOTHY
SaCHIN,SACHIN
&--'&:,INVALID
FINLay,FINLAY
LARA,LARA
946654659,INVALID
[\}{%:,INVALID
"#_\,=",INVALID
cONnOR,CONNOR
12479674,INVALID
164303,INVALID
ALESSAnDRA,ALESSANDRA
84505,INVALID
KIAra,KIARA
48362140,INVALID
5099557,INVALID
CONNoR,CONNOR
CADE,CADE
'@+=[-|,INVALID
ISABElLA,ISABELLA
ARCHIE,ARCHIE
065576,INVALID
(!=&{[,INVALID
AShLEigH,ASHLEIGH
HAYlEy,HAILEY
^'@\,INVALID
920188488,INVALID
SACHIN,SACHIN
"@,*^{+#",INVALID
88747,INVALID
LArA,LARA
18169,INVALID
354891097,INVALID
ELLa,ELLA
CooPEr,COOPER
825556,INVALID
'\(/,INVALID
693515,INVALID
99676,INVALID
796702,INVALID
ERIn,ERIN
3865,INVALID
=\/$'),INVALID
64532,INVALID
&'^=,INVALID
%#(:+[[,INVALID
"/*[,%,!",INVALID
",||",INVALID
53364,INVALID
1465,INVALID
43867332,INVALID
ELiZaBeTH,ELIZABETH
SIAN,SIAN
SaMUeL,SAMUEL
.;=}:>\,INVALID
ZAC,ZAC
",;-#<",INVALID
57817,INVALID
HOLLY,HOLLY
maCONAL,McANLON
AMBeR,AMBER
014998,INVALID
274251,INVALID
SopHIE,SOPHIE
".,;=`*",INVALID
[)*>?,INVALID
523717,INVALID
0365739,INVALID
LaetitIA,LAETITIA
HaYLEE,HAYLEE
ALExAnDrA,ALEXANDRA
423202652,INVALID
}';%{*$,INVALID
7428401,INVALID
674,INVALID
SophIE,SOPHIE
~*_/\,INVALID
767356,INVALID
6009,INVALID
ElLA,ELLA
EmIILy,EMILY
mITCHELL,MITCHELL
1737141,INVALID
63260,INVALID
35618,INVALID
"~^]""<",INVALID
228126,INVALID
619114,INVALID
"(#,_""",INVALID
"?||<]$"":",INVALID
68450311,INVALID
THOMAS,THOMAS
%]_?,INVALID
4200,INVALID
*@}(|,INVALID
7251723,INVALID
06120,INVALID
14866,INVALID
#<)]},INVALID
Zac,ZAC
130,INVALID
51463805,INVALID
%#^(,INVALID
"~*#:(,`""",INVALID
"'|)'""",INVALID
;$`._>`,INVALID
_%'_@^?|,INVALID
MIKAYla,MIKAYLA
FERGUS,FERGUS
)*'(?,INVALID
bENjAMIn,BENJAMIN
6529,INVALID
imogEN,IMOGEN
]([*-/,INVALID
LiAM,LIAM
KAeLA,KAELA
067455,INVALID
tARA,TARA
2312426,INVALID
6150486,INVALID
NOAH,NOAH
04810,INVALID
>^_^{=#,INVALID
"[\}=%,_|+",INVALID
"},}'\%#_\;",INVALID
gABRIELLE,GABRIELLE
"""<<};",INVALID
EDwArd,EDWARD
548048812,INVALID
DarcY,DARCY
95556,INVALID
jaMES,JAMES
0256,INVALID
BENJamIn,BENJAMIN
rOBErT,ROBERT
LUCAS,LUCAS
~/~^;>|,INVALID
7783901,INVALID
;:/)}+:,INVALID
5381,INVALID
64553019,INVALID
"'>(]""",INVALID
BRIDGET,BRIDGET
ALAnA,ALANA
0567900,INVALID
101253125,INVALID
974119,INVALID
CHLOE,CHLOE
8963225,INVALID
|{;}?=,INVALID
"&-}'\""",INVALID
9262,INVALID
12733,INVALID
"&{-""$",INVALID
fInLAy,FINALAY
joEL,JOEL
/?'<#-_,INVALID
42123,INVALID
`_^{~@)@,INVALID
";_(,",INVALID
36542851,INVALID
3828718,INVALID
(`*$,INVALID
FORNARINO,FORNARINO
>`\]]*,INVALID
CHARLOTTE,CHARLOTTE
dOMINiC,DOMINIC
",_!-#?)*_",INVALID
965648,INVALID
".\{@+,",INVALID
\~)(~,INVALID
901220,INVALID
7110,INVALID
037118,INVALID
aLISSA,ALISSA
ISabELlA,ISABELLA
.~&![+`,INVALID
MOLLy,MOLLY
ABBiE,ABBIE
8857,INVALID
SOPhIE,SOPHIE
_+*,INVALID
=<_,INVALID
2316644,INVALID
SoPHIE,SOPHIE
BROOKe,BROOKE
JACYnTA,JACINTA
';.|,INVALID
~!>[:.$;`}<.,INVALID
#$>[~$[;,INVALID
JED,JED
".(%`,",INVALID
26848,INVALID
$?(,INVALID
"^;;""",INVALID
336,INVALID
594775,INVALID
)'-],INVALID
4337,INVALID
"#$!<##],#",INVALID
(>+;,INVALID
65710383,INVALID
miCHaEL,MICHAEL
824222,INVALID
SolOMON,SOLOMON
9420524,INVALID
62730312,INVALID
4441696,INVALID
bRyDEE,BRYDEE
4101,INVALID
LOGan,LOGAN
1980,INVALID
056970,INVALID
"(';`""\",INVALID
21007963,INVALID
-~}|)!],INVALID
32483236,INVALID
",)-!@",INVALID
{@~`:,INVALID
5420271,INVALID
700082,INVALID
647769,INVALID
'?>_/|@,INVALID
"=%#,",INVALID
47173,INVALID
ISaBELla,ISABELLA
50403,INVALID
?='~%$,INVALID
CoNnOr,CONNOR
5793,INVALID
sEAN,SEAN
41559,INVALID
ZACHaRy,ZACHARY
3585,INVALID
"}:@""""^=^",INVALID
5285,INVALID
"#"";*",INVALID
"?$"");",INVALID
2203,INVALID
"&#$),",INVALID
cHRISTOphER,CHRISTOPHER
blAKE,BLAKE
001122,INVALID
""",./",INVALID
(|)@>+[#/,INVALID
$|!_:!,INVALID
hANA,HANNA
"{?&%""|?",INVALID
jOSHuA,JOSHUA
CONnOR,CONNOR
CalLUM,CALLUM
AmeLIA,AMELIA
_???@`.&),INVALID
"#""!;[_@%;",INVALID
?'&,INVALID
52447563,INVALID
..#(.{\,INVALID
mAtILdA,MATILDA
~=\,INVALID
SEAN,SEAN
EMMA,EMMA
+|>*%,INVALID
AMayA,AMAYA
"?""\""",INVALID
3493,INVALID
TREY,TREY
ZACHARY,ZACHARY
BERTiE,Bertie
ANGeLiNA,ANGELINA
)+'^:',INVALID
31196,INVALID
1252,INVALID
076268,INVALID
717963,INVALID
$!+.`,INVALID
49682151,INVALID
(]--&,INVALID
317421,INVALID
KAITliN,KAITLYN
056852,INVALID
MADISON,MADISON
ALANA,ALANA
>\=,INVALID
*-]?*>,INVALID
APrIL,APRIL
"""-`",INVALID
5106,INVALID
539451,INVALID
744266,INVALID
;*?^*_,INVALID
330851,INVALID
lIaM,LIAM
DeAN,DEAN
CHARlES,CHARLES
lAUREN,LAUREN
PAIGE,PAIGE
JARED,JARED
MICHael,MICHAEL
`[(:>;/,INVALID
9665,INVALID
4574,INVALID
LACHLan,LACHLAN
=[|#\$@/},INVALID
44247262,INVALID
13340,INVALID
aLeX,ALEX
^\@%?,INVALID
<;}^-<=?,INVALID
"(`""&?",INVALID
44898,INVALID
\-}}+!,INVALID
\)~\(,INVALID
496896,INVALID
979671,INVALID
6752460,INVALID
ALYSsA,ALYSSA
'&`},INVALID
377688,INVALID
85712,INVALID
<{~#]=,INVALID
RAchEL,RACHEL
"=;@,",INVALID
"*<(!(,",INVALID
{&.-]%,INVALID
"&,\')",INVALID
|&(|-$:;,INVALID
MATTHeW,MATTHEW
cHARLiE,CHARLIE
980794,INVALID
`{)@,INVALID
=\)=,INVALID
3574168,INVALID
ReeVE,REEVE
67571,INVALID
49729,INVALID
554,INVALID
042,INVALID
MARiaNnE,MARIANNE
96583,INVALID
402681282,INVALID
8075,INVALID
39735705,INVALID
"]_""{\[!",INVALID
22506,INVALID
dYLAN,DYLAN
TYLAh,TYLAH
487,INVALID
"\/""^@]",INVALID
}+;/(?^,INVALID
"?#\)""",INVALID
)='/]^,INVALID
CLAUDIA,CLAUDIA
258204,INVALID
555100,INVALID
ChELsea,CHELSEA
5679,INVALID
6838,INVALID
aLExaNdeR,ALEXANDER
675889,INVALID
{<).-}[|,INVALID
28209,INVALID
1738,INVALID
"/[(~~"";=",INVALID
MiA,MIA
9677,INVALID
"[_%,",INVALID
THoMAs,THOMAS
/>*')$,INVALID
bRiANnA,BRIANNA
LARiSsA,LARISSA
7073,INVALID
"_""&`&/",INVALID
69512,INVALID
66768320,INVALID
4199,INVALID
49224,INVALID
660606,INVALID
38266,INVALID
67623,INVALID
AlExANDRA,ALEXANDRA
{{/*\,INVALID
9636,INVALID
@&])#!,INVALID
SarAH,SARAH
BAILEy,BAILEY
BEThAy,BETHAY
619485,INVALID
[`#=,INVALID
74654,INVALID
"'>,%|{@",INVALID
"$""&~",INVALID
bELLa,BELLA
HayLEY,HAYLEY
hOLlY,HOLLY
KIRrA,
5190,INVALID
!|:__;,INVALID
526059,INVALID
zANe,ZANE
MAttHew,MATTHEW
_`+-\,INVALID
OLiVER,OLIVER
157835,INVALID
04906495,INVALID
ISABELLE,ISABELLE
495005,INVALID
575299,INVALID
HAND,HAND
SaMUEl,SAMUEL
49098,INVALID
miTCHeLL,MITCHELL
77396572,INVALID
23279195,INVALID
65406,INVALID
6531193,INVALID
mELinDa,MELINDA
saMuEL,SAMUEL
"}?]:"")$",INVALID
;=%]),INVALID
8628077,INVALID
"""@{<",INVALID
~?^!!^{,INVALID
CHrISTOPheR,CHRISTOPHER
"!~}~[,)|",INVALID
GABRIELLE,GABRIELLE
ASHlEe,ASHLEE
7329168,INVALID
779530,INVALID
"""::))*)$",INVALID
89773,INVALID
",|.$!",INVALID
#?>$;.,INVALID
010718377,INVALID
40230,INVALID
40425,INVALID
KIRA,KIRA
MattHeW,MATTHEW
""",-:?",INVALID
nIChoLaS,NICHOLAS
`^`=:;~,INVALID
[##+}$+`|,INVALID
=/-]*@[,INVALID
LILY,LILY
jaCk,JACK
250146,INVALID
51093,INVALID
1579627,INVALID
"%|@\,|![",INVALID
PeTER,PETER
cHaRLiE,CHARLIE
SaRah,SARAH
"%=""+%*~.",INVALID
"""\[(?'",INVALID
"<`""+.?",INVALID
BIANCA,BIANCA
"[""!.+[",INVALID
\'?%^,INVALID
SAmANthA,SAMANTHA
@+><'>,INVALID
38052,INVALID
KIrRC,KIRC
52288,INVALID
?>{*#),INVALID
CHaroTTe,CHAROTTE
18158,INVALID
JASsIm,JASSIM
)<]([$,INVALID
4528439,INVALID
"\/""[",INVALID
GIULIANA,GIULIANA
TAhLIA,TALIA
:>'~_/#\,INVALID
:<>/=?:},INVALID
+'`;&]{:*,INVALID
6201898,INVALID
"*-$,@.",INVALID
62458745,INVALID
ZAnE,ZANE
ELOIsE,ELOISE
BEnJAYmIN,BENJAMIN
"/<$>""||""",INVALID
7582,INVALID
LACHLAN-JOHN,LACHLAN-JOHN
angELiCA,ANGELICA
DAnIEL,DANIEL
<=-+,INVALID
>$/%@#,INVALID
!{$@,INVALID
TeaGAN,TEAGAN
69625,INVALID
ELLy,ELLIE
LUsHia,LUSHIA
lILy,LILY
""">;{'\",INVALID
JaMES,JAMES
588584,INVALID
KeAToN,KEATON
72055,INVALID
AmbER,AMBER
)<~``*,INVALID
23425,INVALID
graYsON,GRAYSON
963957219,INVALID
baiLEe,BAILEE
"@*{$>=,",INVALID
<):/,INVALID
ASHLEiGH,ASHLEY
[<*~}.&,INVALID
ChARLIE,CHARLIE
^;=?\,INVALID
#$@}~~:,INVALID
6815980,INVALID
6500383,INVALID
9844337,INVALID
.+\_>`'>,INVALID
5204,INVALID
870,INVALID
33761,INVALID
ALEXANdER,ALEXANDER
)!{[?((,INVALID
SOPHIE,SOPHIE
"=""^_=",INVALID
810922008,INVALID
565,INVALID
""")|?%)^",INVALID
EmMa,EMMA
"_.,,%|",INVALID
tAHLIA,THALIA
SAMUEL,SAMUEL
665048,INVALID
caMPBELL,CAMPBELL
949900,INVALID
NENEhY,INVALID
72693,INVALID
CoOPER,COOPER
"[,=['/>+$}!?",INVALID
66601,INVALID
"_=,.[",INVALID
412611,INVALID
_\_;\,INVALID
7356,INVALID
@#;*\,INVALID
648596,INVALID
078380589,INVALID
ALEXANDRa,ALEXANDRA
JoEb,JOEB
370847,INVALID
;:-\},INVALID
JESSica,JESSICA
MADdISoN,MADISON
MAsON,MASON
53336,INVALID
18994,INVALID
dEAKiN,DEAKIN
CHANNING,CHANNING
485607,INVALID
75124003,INVALID
eloIsE,ELOISE
AmBeR,AMBER
"""/;(",INVALID
TAhNEE,TAHNEE
#@[/_|||=,INVALID
82536,INVALID
jOEL,JOEL
58308,INVALID
JEMiMA,JEMIMA
629112,INVALID
~=<\~|\,INVALID
842336,INVALID
{{{'(_@,INVALID
91521563,INVALID
10242,INVALID
eLlOUIsE,
cORRIE,CORRIE
".;,{`",INVALID
{+-<:|#,INVALID
5255355,INVALID
={*?^`,INVALID
2989622,INVALID
*!_)/|>,INVALID
[#*#,INVALID
JAsMINE,JASMINE
\&[={(,INVALID
""".++",INVALID
ELLA,ELLA
14912866,INVALID
572755573,INVALID
#|>|{#,INVALID
17169,INVALID
4480,INVALID
TAaLIa,TAALIA
JARvis,JARVIS
LAKLyNN,LAKLYNN
OLivIA,OLIVIA
"""<`_&",INVALID
405110,INVALID
ZacK,ZACK
363816,INVALID
NICHOLAS,NICHOLAS
23195230,INVALID
5266,INVALID
STEPhANIe,STEPHANIE
>(#+,INVALID
ElLiE,ELLIE
ELIZaBEtH,ELIZABETH
LiAm,LIAM
aleXANDRa,ALEXANDRA
hARRISON,HARRISON
sopHIe,SOPHIE
705836,INVALID
joeL,JOEL
@#(]')},INVALID
52523,INVALID
6072652,INVALID
2091826,INVALID
:#\!:-,INVALID
ROBERTA,ROBERTA
"]+""!-]",INVALID
|'{.:,INVALID
,
ZACh,ZACH
lYnAE,LYNAE
06204,INVALID
%{%~,INVALID
bEnJAmIn,BENJAMIN
TAyLOR,TAYLOR
3449,INVALID
?|$@&-,INVALID
*#;~\(,INVALID
WiLLIAM,WILLIAM
GAbRIELLE,GABRIELLE
DAVID,DAVID
jOry,JORY
65568,INVALID
818,INVALID
"}>&""<~",INVALID
42905,INVALID
9524043,INVALID
]%:%_~)[,INVALID
GABRIeLLa,GABRIELLA
02894376,INVALID
5000037,INVALID
879771,INVALID
"{""}^""",INVALID
320083,INVALID
ElLy,ELLIE
1340590,INVALID
09962,INVALID
JacQUELINE,JACQUELINE
5682,INVALID
MAx,MAX
huGO,HUGO
266197,INVALID
"#~'\""-@",INVALID
StEPHANIE,STEPHANIE
ELisE,ELISE
ZAKaRIah,
*.~<.:!,INVALID
/?-\->,INVALID
"<""^""(",INVALID
54346,INVALID
"-_;+"")",INVALID
",@=_",INVALID
5636,INVALID
IMOGNE,IMOGNE
066252,INVALID
DaNTE,DANTE
0333331,INVALID
4555,INVALID
ISAAC,ISAAC
61218712,INVALID
?[[@!,INVALID
38807,INVALID
MaDdISOn,MADISON
79778,INVALID
(@*+&,INVALID
07144175,INVALID
";?!*,/",INVALID
'/+,INVALID
872685,INVALID
CALLUM,CALLUM
VINCENT,VINCENT
604159,INVALID
29029382,INVALID
"]}->!,^/%",INVALID
4164,INVALID
LACHlaN,LACHLAN
QUINN,QUINN
551246,INVALID
"+_(?""@",INVALID
"@%\<,?",INVALID
rAcHEL,RACHEL
08195,INVALID
28059,INVALID
/'`<%(*,INVALID
JAmES,JAMES
TIMotHY,TIMOTHY
`;'.^?,INVALID
JOEL,JOEL
=<]`$!|*@,INVALID
=\/[{`#,INVALID
44681,INVALID
AaRON,AARON
%]}~|:,INVALID
sIDONiE,SIDONIE
%>;*|+,INVALID
5481816,INVALID
TAYlA,
"-]^=;""-=",INVALID
LucAs,LUCAS
-{<`-+*!)|,INVALID
[+`\\%,INVALID
87431,INVALID
[=~[<,INVALID
JESsICA,JESSICA
jADE,JADE
maxIN,MAXIN
}/%-\,INVALID
JEsSiCA,JESSICA
<`]#;,INVALID
`]*=:&\:^#,INVALID
735605,INVALID
""">;^^<",INVALID
997712,INVALID
BEnJAMiN,BENJAMIN
87524,INVALID
19092223,INVALID
;+>+@*,INVALID
|^@&;_,INVALID
-&{`=;,INVALID
DANiElLe,DANIELLE
^\.>{|!),INVALID
87239,INVALID
WiLlIAM,WILLIAM
|:+`{\^,INVALID
GEorgIA,GEORGIA
8429,INVALID
APRIL,APRIL
MatTHeW,MATTHEW
JACKsoN,JACKSON
23678,INVALID
47632,INVALID
0598640,INVALID
"=~,>",INVALID
"^""?+|'\",INVALID
",{~&",INVALID
ZaCHARIAh,ZACHARIAH
MADison,MADISON
+-)_'&,INVALID
73696,INVALID
"""=@[",INVALID
@$)~`<>[,INVALID
GoOdE,GOODE
'`-}*,INVALID
"_:"".\*",INVALID
TARSHya,TARSHYAH
5932871,INVALID
LeE,LEE
KEAhLEY,KEALEY
eLlA,ELLA
",:=]<",INVALID
1581,INVALID
elLY,ELLIE
%!.\~,INVALID
NATHaN,NATHAN
"=#;}>&,",INVALID
">={,",INVALID
",=$&&",INVALID
JArED,JARED
JESSICA,JESSICA
087023,INVALID
25477,INVALID
olIVia,OLIVIA
JAsmINE,JASMINE
237295,INVALID
SARa-lOuISE,SARA-LOUISE
089149,INVALID
98318,INVALID
315338286,INVALID
CamERoN,CAMERON
KYNAN,
SERENA,SERENA
$/{+,INVALID
<#?(<,INVALID
REID,REID
LILLIANNA,LILLIANNA
"]-""=%;",INVALID
HANNaH,HANNAH
JAKe,JAKE
spYKE,SPYKE
REEGAN,REEGAN
\>_,INVALID
/%.>#<?,INVALID
EMmA,EMMA
8161,INVALID
00511,INVALID
5569,INVALID
0509,INVALID
BEN,BEN
820856,INVALID
85505,INVALID
409732,INVALID
"""))\$)",INVALID
60278,INVALID
".,{*^][",INVALID
4969934,INVALID
3640758,INVALID
+;{'.!,INVALID
22077,INVALID
436029,INVALID
~_@_#.$,INVALID
380465,INVALID
%:_?,INVALID
aBBey,ABBEY
SUMMEr,SUMMER
69900069,INVALID
hARLEY,HARLEY
((|`?[,INVALID
^)]>]-?,INVALID
{.({*($,INVALID
EVAN,EVAN
HOLlY,HOLLY
06685,INVALID
1750,INVALID
"-,"",-$(",INVALID
&[{-*,INVALID
SEaNNA,SEANNA
hUgH,HUGH
DaYNA,DAYNA
#:`(+@^-/,INVALID
8304332,INVALID
05594416,INVALID
sTEPHANIE,STEPHANIE
tHoMas,THOMAS
;'[}&(/,INVALID
0691,INVALID
^$(+,INVALID
AMY,AMY
"!;,$`||-`",INVALID
;'/.,INVALID
YANA,YANA
BENJAMin,BENJAMIN
0862,INVALID
~~>=>,INVALID
"%""'~%$",INVALID
%@:}^_,INVALID
")'>@}'|,",INVALID
4320,INVALID
480756350,INVALID
14865,INVALID
')~$,INVALID
29094,INVALID
62805,INVALID
+|\'@-[>,INVALID
/+?#.;,INVALID
#*#_,INVALID
8785,INVALID
508475586,INVALID
MADELYn,MADELYN
eMIiLY,EMILY
^{</'/,INVALID
"[?(""",INVALID
"""-{!)/<",INVALID
"""+::\.?`",INVALID
41944286,INVALID
788552,INVALID
HAyDEN,HAYDEN
JAcKSON,JACKSON
710503,INVALID
9147731,INVALID
iSAAC,ISAAC
"[,|-",INVALID
303,INVALID
0927,INVALID
HArRY,HARRY
:`'*@{,INVALID
GABRiELlE,GABRIELLE
BraDlEY,BRADLEY
"&$""=:*`",INVALID
1013024,INVALID
1942350,INVALID
ALIShA,ALISHA
INDIa,INDIA
918,INVALID
335513,INVALID
?&`$),INVALID
397268956463,INVALID
"$[$,`}/,",INVALID
94150,INVALID
LiLIAN,LILLIAN
GABRIELLe,GABRIELLE
$/;@/>^,INVALID
EmIily,EMILY
0957,INVALID
0694,INVALID
mAyA,MAYA
'@)}({'#,INVALID
}')&?,INVALID
tReY,TREY
FINLAY,FINLAY
Amy,AMY
)-~+,INVALID
lACHlAN,LACHLAN
<$->,INVALID
0420,INVALID
eMIILY,EMILY
amBER,AMBER
DOMINIc,DOMINIC
~%{%#{-\,INVALID
6185,INVALID
050870,INVALID
-(=`[@`,INVALID
hoLLY,HOLLY
dANIEL,DANIEL
IMOGEn,Imogen
anDREw,ANDREW
MADELEinE,MADELEINE
"}&"":`*/')",INVALID
8341,INVALID
3346,INVALID
400,INVALID
]{~=?_-,INVALID
pARIS,PARIS
-+`/=}-,INVALID
192517,INVALID
brOcK,BROCK
fELIcITY,FELICITY
KALe,KALE
tAYloR,TAYLOR
759687,INVALID
49609143248,INVALID
EMIilY,EMILY
`\/@**^,INVALID
0726904,INVALID
741642522,INVALID
974378,INVALID
:|^',INVALID
"}.>,{",INVALID
JACoB,JACOB
"</}&*}""",INVALID
51032416,INVALID
5152,INVALID
lEON,LEON
lIAm,LIAM
>_`=+;@%`,INVALID
dOMiNIC,DOMINIC
}>/&:=%.,INVALID
3890,INVALID
73879,INVALID
66953,INVALID
613565,INVALID
ZaCHARIaH,ZACARIAH
gEORGE,GEORGE
EmoILY,EMILY
;/%/>,INVALID
jAcK,JACK
JaCk,JACK
SEBaStIAN,SEBASTIAN
-.+(,INVALID
26211,INVALID
96362828,INVALID
ELlIe,ELLIE
kIrRA,
ANGELica,ANGELICA
SOpHIE,SOPHIE
05874043,INVALID
HeNrY,HENRY
665673,INVALID
"'("">|,`(&~",INVALID
QUInN,QUINN
"*`=""",INVALID
KATe,KATE
JESSicA,JESSICA
"^$,!",INVALID
]@=/_&,INVALID
307546,INVALID
(*$#[,INVALID
COOPER,COOPER
ALExAndER,ALEXANDER
")~_+""~",INVALID
@!)#</,INVALID
KAELa,
jACqUELINE,JACQUELINE
KIMBERLEY,KIMBERLEY
-#@+=,INVALID
CaItLIN,CAITLIN
"#{,)(<",INVALID
ETHAN,ETHAN
695617,INVALID
55347,INVALID
#>=|@=|-,INVALID
JoSHUA,JOSHUA
"""+^""_:|,",INVALID
092327,INVALID
8391,INVALID
"*/,;~",INVALID
`_)([=[,INVALID
31050846,INVALID
"*,-$$;<`=",INVALID
}[?;%,INVALID
joSHUa,JOSHUA
lUCINdA,LUCINDA
311756,INVALID
6615494,INVALID
",*#^%#",INVALID
_`?*[,INVALID
bLAKE,BLAKE
DANIEL,DANIEL
MaDELNE,MADELNE
BARNaBY,BARNABY
1699299,INVALID
78203,INVALID
MAXiN,MAXIN
MIChAeL,MICHAEL
20076,INVALID
LUCINDa,LUCINDA
BrIDget,BRIDGET
CHArLiE,CHARLIE
748263,INVALID
604027,INVALID
LUcAS,LUCAS
}\'+-}\+,INVALID
459820,INVALID
619175,INVALID
380,INVALID
PEtrEECE,PETER
`{$>}~|,INVALID
469391,INVALID
BENJAMiN,BENJAMIN
=){:+,INVALID
SARAh,SARAH
OLIveR,OLIVER
taYLOR,TAYLOR
522499,INVALID
MusOLINo,MUSOLINO
23918,INVALID
2641,INVALID
WeAVER,WEAVER
JACQUELInE,JACQUELINE
LIAm,LIAM
2749,INVALID
261649,INVALID
;=@._)`-,INVALID
64240,INVALID
9046,INVALID
5534811,INVALID
`@]$,INVALID
357003,INVALID
(-}*[,INVALID
7809,INVALID
)%!<_,INVALID
AbbiE,ABBIE
6104600,INVALID
+*`*#].,INVALID
MoRGAN,MORGAN
BRiaNNA,BRIANNA
3600,INVALID
",^|)$",INVALID
SEAn,SEAN
JACOb,JACOB
2208070,INVALID
`_*_'/?,INVALID
ALExAnDRa,ALEXANDRA
ISAbELLA,ISABELLA
((][,INVALID
658679,INVALID
PeYTON,PEYTON
79734145,INVALID
60535,INVALID
ShElBY,SHELBY
JacKSON,JACKSON
3288987,INVALID
"=[,.:",INVALID
ANNaBELLe,ANNABELLE
[@}?)|{*,INVALID
eliZA,ELIZA
04012,INVALID
90876994,INVALID
+@<$,INVALID
"@~({""&",INVALID
FElICITy,FELICITY
kYLE,KYLE
TALIA,TALIA
70208196,INVALID
cOOPeR,COOPER
KIEreN,KIEREN
TEiLeAh,TEILEAH
}]>&?]_,INVALID
rILey,RILEY
{&`,INVALID
852780,INVALID
1008,INVALID
SPYKE,SPYKE
390672989,INVALID
}\+@['$,INVALID
ELISE,ELISE
"&;`,\",INVALID
"<@)""<_]`",INVALID
644868,INVALID
TIA,TIA
STepHANIE,STEPHANIE
~_^)/,INVALID
"|`""+;""$",INVALID
7479,INVALID
*]|!@,INVALID
072461,INVALID
6012,INVALID
3374,INVALID
TORI,TORI
"`(,!|'",INVALID
867813062,INVALID
cALeB,CALEB
|+>%}/[,INVALID
;$_[@,INVALID
739590,INVALID
862773420,INVALID
LIaM,LIAM
",^?)",INVALID
90938,INVALID
TYLER,TYLER
5871247,INVALID
:@^&^),INVALID
SEBASTiaN,SEBASTIAN
"![\',(",INVALID
OSCAR,OSCAR
CALeB,CALEB
77225,INVALID
OlIVER,OLIVER
\;\/+,INVALID
184824,INVALID
90418,INVALID
143445422,INVALID
rEBECCA,REBECCA
..'~>^+!,INVALID
=;']$|{$,INVALID
7935,INVALID
9488,INVALID
~/$+,INVALID
14376,INVALID
",-{-^<=",INVALID
5505,INVALID
SaMuEL,SAMUEL
@+&[&-,INVALID
ALICIa,ALICIA
+$.^>%,INVALID
{?_(]>,INVALID
JOshUa,JOSHUA
JoE,JOE
WHITe,WHITE
.|%;*`$,INVALID
CHARLiE,CHARLIE
<&<\?,INVALID
1627497,INVALID
42117601,INVALID
MatilDA,MATILDA
]%!$,INVALID
5975,INVALID
028238,INVALID
CALEB,CALEB
~`@;,INVALID
"""!-_",INVALID
bRADlEY,BRADLEY
/:@/-|,INVALID
$+-%\(=,INVALID
22208784,INVALID
MAYa,MAYA
sARA-LOuISE,SARA-LOUISE
SArAH,SARAH
tIa,TIA
rACHEl,RACHEL
HAyLEY,HAYLEY
ANDIE,ANDIE
69061,INVALID
"*_,#",INVALID
947841,INVALID
JOHn,JOHN
SHAUN,SHAUN
&(||;},INVALID
"|?;[(""",NOBODY
ASHliE,ASHLIE
breTT,BRETT
-_>:|,INVALID
8906,INVALID
ISaBeLLA,ISABELLA
=^'=/]:,INVALID
"-&!,",INVALID
"'],{^/?@",INVALID
4945,INVALID
=<+<`,INVALID
"#,?+;;",INVALID
RhyS,RHYS
GrACE,GRACE
637416,INVALID
694071262,INVALID
DANieLLe,DANIELLE
41585291,INVALID
9977,INVALID
5867737,INVALID
:+.<,INVALID
luStEd,LUSTED
cHLoE,CHLOE
HamIsH,HAMISH
MADELEINE,MADELEINE
209569,INVALID
0321,INVALID
4275445,INVALID
(!+'|,INVALID
ROsA,ROSA
`(~>,INVALID
70844,INVALID
JULIA,JULIA
IsABeLLA,ISABELLA
132352,INVALID
iSABeLLA,ISABELLA
-|%)__.(,INVALID
*$(/$;,INVALID
~%<..(!+,INVALID
LaURA,LAURA
":.\#,!*",INVALID
663767,INVALID
|}=>,INVALID
/%:<,INVALID
@&|^,INVALID
`-&=,INVALID
377539,INVALID
jAsLYn,JASLYN
25207,INVALID
685320,INVALID
;#>=,INVALID
01235139,INVALID
::<+$,INVALID
658348,INVALID
4241231,INVALID
65363041510,INVALID
nacoYa,INVALID
543107,INVALID
2300,INVALID
RilEY,RILEY
/_$!+,INVALID
96806,INVALID
\}];'/'(,INVALID
42318,INVALID
4793,INVALID
nATHAN,NATHAN
LAUReN,LAUREN
;(?[(|,INVALID
9356,INVALID
KYle,KYLE
+<@?,INVALID
DARCIE,DARCIE
",){'*",INVALID
1354598,INVALID
678127,INVALID
ByRon,BYRON
^)=<?],INVALID
HARvEy,HARVEY
")=*,;]>",INVALID
137040,INVALID
03180,INVALID
"""+)?}",INVALID
7362,INVALID
LEAh,LEAH
MaDIsOn,MADISON
694564655552,INVALID
#<{]}\#,INVALID
CHARLEE,CHARLEE
KAYL a,KYLE
039810,INVALID
CHRiSTOPHer,CHRISTOPHER
jOSElYN,JOSELYN
RHyS,RHYS
2279139,INVALID
"""$^:/>",INVALID
"=,_<|",INVALID
1076237,INVALID
329504,INVALID
1268,INVALID
1866883,INVALID
cHANNInG,CHANNNING
5629547,INVALID
*%@::<&,INVALID
TESs,TESS
AmY,AMY
\/&|$',INVALID
3602,INVALID
sTEPHANiE,STEPHANIE
106650944,INVALID
03943,INVALID
$\_\),INVALID
AMBER,AMBER
"$]+,.-",INVALID
NAThAN,NATHAN
ZAchARY,ZACHARY
]!!|@,INVALID
LAUREN,LAUREN
\?\@]$,INVALID
jOShUa,JOSHUA
79057249,INVALID
JOSHUA,JOSHUA
JAcksON,JACKSON
06619,INVALID
DaNIeLlE,DANIELLE
26696,INVALID
36028223,INVALID
00275604,INVALID
"\_]?,.$,{",INVALID
hAYdEN,HAYDEN
6322830,INVALID
95091,INVALID
BIaNca,BIANCA
!*|\,INVALID
GrE N,GREEN
"./=,<.(",INVALID
?$`>}],INVALID
NICHOlAs,NICHOLAS
@?:=]+,INVALID
SPEnCeR,SPENCER
MAdElInE,MADELINE
ISaBELLE,ISABELLE
'@-?=',INVALID
tArA,TARA
LewIs,LEWIS
#(=~|&:,INVALID
KIRrAh,KIRRAH
283919879,INVALID
=[=$'`|,INVALID
29565430,INVALID
JADe,JADE
~*?[,INVALID
tALiah,TALIA
JAYDEN,JAYDEN
1768149,INVALID
cONNoR,CONNOR
?#&|:>}+,INVALID
maRCUS,MARCUS
EMiILY,EMILY
SARA,SARA
33948,INVALID
4383636,INVALID
ROSFa,ROSFA
9048,INVALID
193970,INVALID
916391,INVALID
"}.^,~]]",INVALID
"~&+'"">",INVALID
'~-&,INVALID
"!!(,",INVALID
"*&\_,{][",INVALID
52485,INVALID
KELSeY,KELSEY
NaTHAN,NATHAN
cAmPbEll,CAMPBELL
sAraH,SARAH
"&),>""'",INVALID
RWId,INVALID
172198636,INVALID
([:>,INVALID
}+<$_!}$,INVALID
)~-,INVALID
38552,INVALID
`*@%,INVALID
BENJAMIn,BENJAMIN
5027,INVALID
362961,INVALID
921636,INVALID
BiancA,BIANCA
IMOGEN,IMOGEN
78339,INVALID
522665820,INVALID
.;|~<-%,INVALID
52728,INVALID
"];~`""",INVALID
@']~>*?,INVALID
3187754,INVALID
BaILeY,BAILEY
MIKHAYLA,MIKHAYLA
@)~,INVALID
DARcy,DARCY
CHARLOTTe,CHARLOTTE
63843,INVALID
":,&%?",INVALID
08032,INVALID
).*',INVALID
)*#}`?,INVALID
BAILeY,BAILEY
loGAN,LOGAN
ELIZA,ELIZA
011114,INVALID
tALyaH,TALYAH
MITCHELL,MITCHELL
048315,INVALID
7277,INVALID
^/>-!@?,INVALID
ReUBEN,REUBEN
Max,MAX
lAURA,LAURA
901739968,INVALID
064,INVALID
561291,INVALID
TARa,TARA
BAiLEY,BAILEY
336650,INVALID
"""\[](.'+![",INVALID
mIKAYLa,MIKAYLA
AlEXANdER,ALEXANDER
}>]\(,INVALID
NIcHOlaS,NICHOLAS
KIMBERlEY,KIMBERLEY
nIKItA,NIKITA
"';""^+(_",INVALID
"@""*{*",INVALID
23042,INVALID
BrOOkE,BROOKE
",*@|][:",INVALID
"!(,!$",INVALID
|`/$'=$,INVALID
TAKArA,TAKARA
LIlY,LILY
5856,INVALID
011862,INVALID
alEXaNDER,ALEXANDER
@&<&{.,INVALID
=}.@\'{\,INVALID
AmALIA,AMALIA
"{"";""@%",INVALID
$!(]*\,INVALID
Adam,ADAM
JACk,JACK
:;`|;@,INVALID
",,\;{}{(?%",INVALID
65089,INVALID
"@?^,*",INVALID
122214,INVALID
67923,INVALID
)#{@&=,INVALID
8196337,INVALID
>$]}-,INVALID
[~$^.^>&,INVALID
592410,INVALID
284447,INVALID
*~/!\,INVALID
ZAc,ZAC
30865,INVALID
HARRY,HARRY
IsOBEL,ISOBEL
<|@.!',INVALID
CHARLoTTE,CHARLOTTE
8533,INVALID
AntoN,ANTON
148385,INVALID
680040,INVALID
\|'#.~,INVALID
]&},INVALID
98594,INVALID
62802582,INVALID
"<}=<""#-\",INVALID
2035741,INVALID
StEvEn,STEVEN
3091,INVALID
&/}[@-,INVALID
^*;?}|,INVALID
JORDAN,JORDAN
!/*&,INVALID
24707,INVALID
MiCHaEL,MICHAEL
tObY,TOBY
bAilEY,BAILEY
005938,INVALID
"""{'.|:",INVALID
2110,INVALID
9997521,INVALID
MAkENZI,MAKENZI
382098,INVALID
62921740,INVALID
JaCqUElINe,JACQUELINE
19650,INVALID
",`#?]",INVALID
_($'!&.>@,INVALID
JAiME,JAIME
HeaTH,HEATH
601142,INVALID
44369,INVALID
KADE,KADE
`(}#*,INVALID
""",=#",INVALID
jENNA,JENNA
&^<[]|,INVALID
0315697,INVALID
440676,INVALID
zACHARY,ZACHARY
@$^(,INVALID
523994,INVALID
JAcQUELInE,JACQUELINE
"/`""~-~",INVALID
915519,INVALID
2084892,INVALID
#>_={,INVALID
3265,INVALID
5152041,INVALID
"!/',",INVALID
EmMA,EMMA
IMoGEn,IMOGEN
HAYLEY,HAYLEY
989988,INVALID
5968747,INVALID
47023,INVALID
NAOMI,NAOMI
242,INVALID
INdiaNA,INDIANA
PatRICK,PATRICK
82924,INVALID
?=$#=@,INVALID
91665,INVALID
047721,INVALID
miKaYLa,MIKAYLA
240844,INVALID
BeThANIe,
9845,INVALID
$((:]}^,INVALID
4007,INVALID
SAMUeL,SAMUEL
ALEXAndRA,ALEXANDRA
76281,INVALID
+#{^,INVALID
5709946,INVALID
=<-\@/),INVALID
jAMIE,JAMIE
239453,INVALID
jAmES,JAMES
mADiSoN,MADISON
)}%%),INVALID
|>~,INVALID
571738,INVALID
eriN,ERIN
CoOpER,COOPER
2959683,INVALID
!)&`])$,INVALID
8092891,INVALID
30777,INVALID
RUbY,RUBY
740793087,INVALID
964047,INVALID
PaTWRsON,PATTERSON
01014,INVALID
!?'{;[,INVALID
RHYS,RHYS
$^{)+;:(,INVALID
jAMEs,JAMES
54862537,INVALID
8304,INVALID
^`~:'@,INVALID
LAKYNn,LAKYN
+~:=/],INVALID
\|}).,INVALID
_}.`&=',INVALID
"$|@!$$""",INVALID
PETEr,PETER
`<?|=,INVALID
7048,INVALID
3141,INVALID
_)\_!|,INVALID
68902,INVALID
siAn,SIAN
39569,INVALID
241844,INVALID
ISABELLA,ISABELLA
44053,INVALID
CLAIrE,CLAIRE
cHANTELLE,CHANTELLE
[{<{^?}',INVALID
"!^}%)#:""]",INVALID
");,$",INVALID
=?/?^:>@|,INVALID
()>\,INVALID
jAcBO,JACOB
!$`\^:,INVALID
'(+>;],INVALID
MADELIne,MADELINE
9582614778,INVALID
^}*^(],INVALID
"[|!["">/@""",INVALID
60592,INVALID
7438,INVALID
?(.{`]&!,INVALID
OLIViA,OLIVIA
jEREMIAH,JEREMIAH
"|}=,?",INVALID
bEAU,BEAU
950081,INVALID
[-]]*_];,INVALID
<}?:),INVALID
ELIza,ELIZA
|$~^`,INVALID
sYlVIE,SYLVIE
MAdElINe,MADELINE
49073722,INVALID
|>@_,INVALID
83022,INVALID
382525,INVALID
ZAchaRY,ZACHARY
017649,INVALID
ERIN,ERIN
saM,SAM
088,INVALID
cAThERinE,CATHERINE
%;]:`;#/,INVALID
"|""&][^+",INVALID
508493036,INVALID
6802,INVALID
eMiiLY,EMILY
"%>{]_""",INVALID
TROy,TROY
"-.,:[(",INVALID
0610055,INVALID
->|(_$/+!,INVALID
$|\_-&,INVALID
;;;<<),INVALID
2139717,INVALID
ROHAN,ROHAN
1708,INVALID
LAChlaN,LACHLAN
5897971,INVALID
8740,INVALID
.$.={,INVALID
ChElsEA,CHELSEA
alEiSHA,ALEISHA
\$`_&&,INVALID
481305088,INVALID
405587,INVALID
(;*||#],INVALID
60711,INVALID
00151,INVALID
hAYLEY,HALEY
.>!<}=,INVALID
_:[)/-,INVALID
"%%)@]{$""",INVALID
401086,INVALID
098854,INVALID
RYan,RYAN
kIeRa,KIERA
2489153,INVALID
cOOPEr,COOPER
441044,INVALID
822881,INVALID
rIleY,RILEY
%_%(`!,INVALID
30098235,INVALID
21249928,INVALID
5971727,INVALID
539,INVALID
SoPhiE,SOPHIE
dAvId,DAVID
/`.<!?;'@,INVALID
MOLLY,MOLLY
saSCHa,SASCHA
"""\,!%""\",INVALID
1519034,INVALID
76600,INVALID
JORDan,JORDAN
@]<%[=,INVALID
149001,INVALID
4484976,INVALID
<'!`-,INVALID
27119265,INVALID
pAIGE,PAIGE
756791156,INVALID
>>.]~),INVALID
"[-*$"":;""",INVALID
037653,INVALID
AnthOnY,ANTHONY
gaBRIeL,GABRIEL
~`:}\,INVALID
FInLay,FINLAY
|!\?/%,INVALID
3354,INVALID
chaNnING,CHANNNING
34889,INVALID
BLAKeSTON,BLAKESTON
"+!'}"">#]&*]",INVALID
",{(]`,(",INVALID
;})=#{>,INVALID
@&-#@.?,INVALID
"'\}~},]$",INVALID
840414350,INVALID
266862,INVALID
~#|[@<+},INVALID
SAMuEL,SAMUEL
DEan,DEAN
MAxIn,MAXIN
JACOB,JACOB
>&.%$,INVALID
94523,INVALID
etHAN,ETHAN
tImARA,TAMAR
"%.""),?`=",INVALID
|[$@`,INVALID
ANthoNY,ANTHONY
34010,INVALID
"<~""%<",INVALID
"]:`|@$,",INVALID
8146,INVALID
301405,INVALID
HAYdEN,HAYDEN
LYnTOn,LYNTON
?|/,INVALID
LILy,LILY
463,INVALID
jAmEs,JAMES
mATTHEw,MATTHEW
76997,INVALID
6551,INVALID
48255,INVALID
0643,INVALID
42399,INVALID
CLaUDIA,CLAUDIA
"\""[+?%",INVALID
nATHan,NATHAN
6609922,INVALID
#(*~`~?,INVALID
}%-<`|@,INVALID
DylaN,DYLAN
583248,INVALID
9831313,INVALID
23512,INVALID
ALeXAnDER,ALEXANDER
?);@,INVALID
>`;:,INVALID
TRaViS,TRAVIS
STEvEn,STEVEN
45650,INVALID
28546,INVALID
MoNiQUe,MONIQUE
5727,INVALID
ALExaNDEr,ALEXANDER
JESSiCA,JESSICA
MAtHILde,MATHILDE
1999,INVALID
'.!|:'<,INVALID
7614473,INVALID
6282745,INVALID
tREY,TREY
^@]@*|);),INVALID
bLAKeSTON,BLAKESTON
ALiSa,ALISA
!>{&\@>,INVALID
9984818,INVALID
jAMIe,JAMIE
415780,INVALID
140318,INVALID
!}\.<&,INVALID
"{^"")++-",INVALID
geORGiA,GEORGIA
8138,INVALID
haRE,HARE
=$'=!,INVALID
AlexAndER,ALEXANDER
917695,INVALID
81969,INVALID
CHlOe,CHLOE
66444,INVALID
0221810,INVALID
BAYlEy,BAYLEY
cAmErON,CAMERON
SYIVIE,SYIVIE
&;/}[)~,INVALID
<<)~,INVALID
]`&`,INVALID
238284,INVALID
28633541,INVALID
"\)""'~",INVALID
NoAh,NOAH
3617524,INVALID
"=+;=,>",INVALID
JACKSOn,JACKSON
97741,INVALID
JaYDe,
76923,INVALID
DOmINIC,DOMINIC
4624006,INVALID
29315303,INVALID
734510,INVALID
!~#?.^!,INVALID
MAtTHEw,MATTHEW
sEAMUs,
ShANNON,SHANNON
",^.)#",INVALID
8249517,INVALID
&/|,INVALID
HuXleY,HUXLEY
776617,INVALID
]>+~&@<,INVALID
;]*}=,INVALID
maXIN,MAXIN
972639,INVALID
MICaElA,MICHAELA
217656,INVALID
`|~]},INVALID
6508,INVALID
"@!!<'';.""",INVALID
BrODOkE,BRODOKE
3177,INVALID
2912752,INVALID
iSABELLE,ISABELLE
zArA,ZARA
BRAdLeY,BRADLEY
16878389,INVALID
~;!!!:|,INVALID
EMmET,EMMET
CArLY,CARLY
1691,INVALID
2107,INVALID
ANgiE,ANGIE
alANNAH,ALANNAH
|\&?=^*,INVALID
753188,INVALID
-?{,INVALID
":,\=~!",INVALID
"#\,%//%?\",INVALID
DAnTE,DANTE
19757563,INVALID
kaTE,KATE
JEReMIAH,JEREMIAH
lAChLAN,LACHLAN
{_>,INVALID
636771615,INVALID
",^#+>",INVALID
$>'>#,INVALID
tAHNI,TAHNI
17362,INVALID
jamES,JAMES
3480246,INVALID
AIdAN,AIDAN
SeAN,SEAN
LUCy,LUCY
67705,INVALID
59291,INVALID
BRoOklYN,BROOKLYN
267017,INVALID
"_'{%[|)""",INVALID
]'%_%,INVALID
_}'&~{,INVALID
MAtTHEW,MATTHEW
\#]|_(,INVALID
"~{)`)""&",INVALID
eMIIlY,EMILY
628172,INVALID
NASYAh,NASYAH
~`!,INVALID
'|<}$,INVALID
KYE,KYE
;{_\-&,INVALID
kylE,KYLE
58411846,INVALID
!/$[>_,INVALID
"&];[,'/",INVALID
nELlIE,NELLIE
23485,INVALID
81953,INVALID
sTELLA,STELLA
"[{/+*,*",INVALID
oLIVIa,OLIVIA
aMger,AMGER
747727,INVALID
NiChoLAS,NICHOLAS
9031215,INVALID
aDAm,ADAM
")|@#;""",INVALID
#\''=,INVALID
"+""&-:",INVALID
luCAs,LUCAS
",*+",INVALID
^=([!_).,INVALID
TiMOThy,TIMOTHY
61907,INVALID
OLIVER,OLIVER
$::-<.,INVALID
\:&%,INVALID
MAX,MAX
55692,INVALID
BRIONY,BRIONY
766163,INVALID
DaNiEl,DANIEL
$|+*[,INVALID
lUCAs,LUCAS
brADlEY,BRADLEY
|>]}{>!,INVALID
taLiA,TALIA
$=[!`.,INVALID
"($*?=,=,_",INVALID
+?[_`#,INVALID
HEaTHER,HEATHER
%}*|+,INVALID
89210114,INVALID
"%--<=_,:",INVALID
.~@!(`,INVALID
7943459,INVALID
spEiGHT,SPEIGHT
$?>$?-)_,INVALID
`.}+:|,INVALID
368536,INVALID
3349,INVALID
7071312,INVALID
735701,INVALID
"%_,=]",INVALID
aSHlEIGH,ASHLEIGH
LAURA,LAURA
_*$:*#+,INVALID
CHarLOTte,CHARLOTTE
aARON,AARON
^!?),INVALID
bETH,BETH
^?]]''<,INVALID
:@%~^&@\.,INVALID
DYLAN,DYLAN
CHElSEA,CHELSEA
JULIANA,JULIANA
KaDe,KADE
CHARlIE,CHARLIE
594394,INVALID
#+$%,INVALID
+>__<`,INVALID
~_|&[],INVALID
"[*\[,?",INVALID
5277,INVALID
$&('./,INVALID
PEYTOn,PEYTON
jORdAN,JORDAN
KYlE,KYLE
KAITLIn,KAITLYN
85957,INVALID
63960,INVALID
6270,INVALID
]&.{,INVALID
{@-%,INVALID
69733,INVALID
&`:#%/?-,INVALID
&]!}*'#(,INVALID
(;$,INVALID
2701,INVALID
{{\/@,INVALID
KAItLYn,KAITLYN
CONNOR,CONNOR
+^!@)!`#\`,INVALID
JaYDEN,JAYDEN
aShLEIGH,ASHLEIGH
MARcUs,MARCUS
`&[_(',INVALID
JAMESR,JAMES
lACHLAn,LACHLAN
"&/{~,#",INVALID
:{*[,INVALID
"(%|^/""",INVALID
LUSHIA,LUSHIA
}&;*.,INVALID
DIAmONd,DIAMOND
ryAN,RYAN
"!>?(,<:",INVALID
GEORgIa,GEORGIA
@\$_),INVALID
\`|,INVALID
tYlEr,TYLER
mICHaEL,MICHAEL
-'`#<!-`,INVALID
MAlakAI,
matILDA,MATILDA
097706,INVALID
(_[-@$$,INVALID
5297,INVALID
jaCK,JACK
0431759,INVALID
_*!+%.,INVALID
45642,INVALID
1067360,INVALID
DIXON,DIXON
WIlLIAm,WILLIAM
"""{*:",INVALID
"&,{$}:",INVALID
0075251,INVALID
GIANNI,GIANNI
NOaH,NOAH
7162572048,INVALID
.](>^>*{,INVALID
59467,INVALID
JORdAn,JORDAN
JAmeS,JAMES
\-[=[>?,INVALID
(%?>>/,INVALID
-=:`\=,INVALID
REnEE,RENÃ‰E
736362,INVALID
$*`-}-,INVALID
TylER,TYLER
GEoRGIa,GEORGIA
958492,INVALID
CHlOE,CHLOE
JOShUa,JOSHUA
97471585,INVALID
#..'.$,INVALID
164193,INVALID
4855308,INVALID
%?&{\,INVALID
886401,INVALID
%`->%^,INVALID
611791,INVALID
:'<)%&/,INVALID
""").[~#_[",INVALID
DANIel,DANIEL
04302,INVALID
CHLoe,CHLOE
BrADLey,BRADLEY
[\[*&,INVALID
"""|-",INVALID
7550714,INVALID
alAIyaH,ALAIAH
178,INVALID
CHRISTOPHeR,CHRISTOPHER
250086,INVALID
VeNDUlA,VENDULA
81131,INVALID
025728,INVALID
blAke,BLAKE
CHristIaN,CHRISTIAN
093153,INVALID
(]>}=;,INVALID
",_..+/%",INVALID
ThOMAS,THOMAS
MATTHEw,MATTHEW
(~\),INVALID
-{)\?,INVALID
@//.(>+,INVALID
2519,INVALID
CaMeFON,INVALID
ELIZa,ELISA
747387,INVALID
873269,INVALID
".]'-="">",INVALID
3169,INVALID
83720,INVALID
&!'?!;,INVALID
07763,INVALID
ELIZABetH,ELIZABETH
INdIa,INDIA
83512,INVALID
31776,INVALID
>!?+)*,INVALID
-!\$*>,INVALID
PETER,PETER
LAUREn,LAUREN
">`|#,=!",INVALID
"<.""`?_}",INVALID
11257,INVALID
HaNNAh,HANNAH
";,{`?)>~",INVALID
chARLES,CHARLES
;?+{*;\,INVALID
TErEsa,TERESA
5737,INVALID
olIViA,OLIVIA
ROhaN,ROHAN
StIRLIng,STIRLING
"^),|",INVALID
42089,INVALID
AMBer,AMBER
45847610,INVALID
nELL,NELL
46983732,INVALID
PASTARS,PASTARS
\/:-</,INVALID
NIcHOLAS,NICHOLAS
IsaBeLLA,ISABELLA
-!\.,INVALID
]\(^~),INVALID
#&}~[],INVALID
MAtISSe,MATISSE
EmmA,EMMA
'<^+},INVALID
cHELSEa,CHELSEA
5237252,INVALID
?-<{,INVALID
88253769,INVALID
"&#:?$""",INVALID
"|*,**:+",INVALID
"{,_$>`""[;",INVALID
70015997,INVALID
DaNiEL,DANIEL
6776,INVALID
"#|</-,",INVALID
ELISEP,ELISEP
dAMIEN,DAMIEN
ALEXaNdER,ALEXANDER
26702716,INVALID
JasPER,JASPER
DaKOtA,DAKOTA
7694015,INVALID
loGAn,LOGAN
705577,INVALID
+]*#?,INVALID
TaRA,TARA
({>~->/,INVALID
879202,INVALID
001108,INVALID
><`~%^>,INVALID
BAILEY,BAILEY
2027,INVALID
LIAM,LIAM
2771967,INVALID
JOHN,JOHN
%:]`!,INVALID
"%\""""!",INVALID
\%~>.[,INVALID
::>~(),INVALID
12304,INVALID
"-\=(,",INVALID
310609,INVALID
coNnoR,CONNOR
ARaBElla,ARABELLA
(?#{^,INVALID
hEATHER,HEATHER
755185866,INVALID
BEnjAMIN,BENJAMIN
BEnjAMiN,BENJAMIN
^];=^](,INVALID
sOPHIe,SOPHIE
77832036,INVALID
~=\:;.-~,INVALID
"{:,\",INVALID
aLexAnDRa,ALEXANDRA
JAYDeN,JAYDEN
~{=+=),INVALID
oLiVIa,OLIVIA
71960,INVALID
6951960,INVALID
*]-&+#,INVALID
.}]\`,INVALID
aLAIYAH,ALIYAH
sieNNA,SIENNA
CHARLEs,CHARLES
53319,INVALID
524432,INVALID
(@|{$:{,INVALID
JACK,JACK
"""!""*&",INVALID
112901,INVALID
>%)<*:,INVALID
JADE,JADE
TAYLoR,TAYLOR
EMIILy,EMILY
075834,INVALID
769064,INVALID
03641,INVALID
2801,INVALID
3273806,INVALID
LACHLaN,LACHLAN
<_!>,INVALID
702217,INVALID
BHYCE,BHYCE
127034,INVALID
627298,INVALID
ZAcHARy,ZACHARY
SAm,SAM
70197,INVALID
JAkE,JAKE
-^%);^,INVALID
$>.~,INVALID
DaNIeL,DANIEL
8012954,INVALID
?->'>,INVALID
050386,INVALID
JOrDAN,JORDAN
90279,INVALID
DesiLVA,DESILVA
"??]*+""/})",INVALID
9971,INVALID
>:(=,INVALID
COopER,COOPER
"?""~@(_,",INVALID
~[>]],INVALID
BrOCK,BROCK
GEORGIa,GEORGIA
RAChEL,RACHEL
07257,INVALID
+#%^\\,INVALID
125799,INVALID
66046,INVALID
hARRIsON,HARRISON
@]#['|',INVALID
RebeCCA,REBECCA
BrETt,BRETT
!;#;?,INVALID
"~:>>%}}*,!]{",INVALID
_}[(*,INVALID
^]{,INVALID
"(,#@)+",INVALID
29718425,INVALID
jACOB,JACOB
"]-|,)^",INVALID
ConNOR,CONNOR
14834,INVALID
488474,INVALID
hARRY,HARRY
420,INVALID
JOSHuA,JOSHUA
DAnIELlE,DANIELLE
99553,INVALID
599864,INVALID
ZAcK,ZACK
2322143,INVALID
FRASER,FRASER
-+-\^_,INVALID
95356,INVALID
53774687,INVALID
258659,INVALID
594819,INVALID
CAREssE,CARESSE
wiLLIAm,WILLIAM
57426348,INVALID
NATHAn,NATHAN
zAc,ZAC
2363722,INVALID
"]"">",INVALID
762042784,INVALID
14209580,INVALID
4552000,INVALID
"(={"")'",INVALID
;%#<,INVALID
1305682,INVALID
";%""?`",INVALID
ShANdRIl,SHANDRIL
chLoE,CHLOE
84169,INVALID
">""|#%",INVALID
":""?|/",INVALID
-|@};:,INVALID
73524,INVALID
3147733,INVALID
LUCY,LUCY
08573468,INVALID
oweN,OWEN
08777,INVALID
#%`*^,INVALID
<+{@=](,INVALID
"""+:&:_)&",INVALID
BAydEN,BIDEN
6393,INVALID
%|[=;<.,INVALID
NICHOlaS,NICHOLAS
ELIZABeTh,ELIZABETH
=&.-,INVALID
@#\;(~|,INVALID
JesSE,JESSE
SHELbEy,SHELBY
HaRRiSoN,HARRISON
317539,INVALID
chRiSTIAn,CHRISTIAN
@)%{\=_,INVALID
03589,INVALID
JaCK,JACK
835318,INVALID
^?!\\,INVALID
LAYLA,LAYLA
27360,INVALID
aLExiA,ALEXIA
907780,INVALID
16585379,INVALID
8315843,INVALID
5376434,INVALID
34733,INVALID
tIMOtHY,TIMOTHY
rIlEY,RILEY
82803,INVALID
"_'!""/&!",INVALID
"@^(&'{,`",INVALID
6455402,INVALID
/'*)',INVALID
ThoMAS,THOMAS
00668696,INVALID
lOwe,LOWE
DAnIel,DANIEL
9707,INVALID
ANDIe,ANDIE
KOBe,KOBE
LAChlAN,LACHLAN
#}$@&,INVALID
MIKHAYLa,MIKHAYLA
0303751,INVALID
90258892,INVALID
bENJAMin,BENJAMIN
CAMPBELL,CAMPBELL
cLaURDIA,CLAUDIA
lUKAs,LUKAS
RObERt,ROBERT
cHARlOttE,CHARLOTTE
7666594,INVALID
MAdELINE,MADELINE
""",~]\\.!",INVALID
38868989,INVALID
8005,INVALID
2458,INVALID
JAmIe,JAMIE
\+;<&=.,INVALID
#`.]`_,INVALID
"$-{:,?",INVALID
09126110,INVALID
OliVEr,OLIVER
1826263,INVALID
!]+;`:,INVALID
48381,INVALID
$*'}`<:,INVALID
=<]-?',INVALID
(?+?)\,INVALID
/!}@{,INVALID
JACINTA,JACINTA
BRiANA,BRIANA
4049488,INVALID
NATaoIA,NATOIA
CASEY,CASEY
=/?~^,INVALID
ElLa,ELLA
|-}|=,INVALID
JOsHUA,JOSHUA
}=%_,INVALID
"$%{&""{",INVALID
)/]%\(<,INVALID
691474,INVALID
FerGus,FERGUS
nICHOLAS,NICHOLAS
jACYNTA,JACINTA
~~]\\>-,INVALID
sAmUEL,SAMUEL
4394,INVALID
"^{,$",INVALID
111516,INVALID
20227,INVALID
"=*,?`)}^",INVALID
*&),INVALID
OlIvER,OLIVER
ImOgEn,IMOGEN
JAyDEN,JAYDEN
:;-{+,INVALID
JAsPER,JASPER
3396997,INVALID
/<(};,INVALID
727969,INVALID
!:|+<!$,INVALID
"?%}$"">)",INVALID
864115,INVALID
3009,INVALID
620,INVALID
`<{~<,INVALID
*{(<#,INVALID
-`:?/@_@,INVALID
eMiILY,EMILY
HEnRY,HENRY
"$-'/(%""&{",INVALID
818968,INVALID
"^,#""`""",INVALID
cHRISToPhER,CHRISTOPHER
"*:,|;.",INVALID
41431,INVALID
MAXIN,MAXIN
aMBER,AMBER
8856933,INVALID
"=~>-('""?",INVALID
7703,INVALID
7643976,INVALID
ryaN,RYAN
382289,INVALID
_*]#&$,INVALID
"""""[{!$}.",INVALID
\_#{<_#,INVALID
462446,INVALID
CHeLSEA,CHELSEA
@{(]:<,INVALID
695385,INVALID
kAItlIN,KAITLYN
MADDisoN,MADISON
67531,INVALID
nAtHan,NATHAN
329945,INVALID
29897,INVALID
DArCY,DARCY
"}**""~]",INVALID
6419649,INVALID
}]#>%,INVALID
32456,INVALID
&+`&]:,INVALID
25339,INVALID
8359786,INVALID
MaTTHEW,MATTHEW
aiDAN,AIDAN
>&-;#:,INVALID
SCHkIrRa,SCHKIRRA
327348420,INVALID
|$>{_-,INVALID
64979,INVALID
ANITA,ANITA
^({~,INVALID
JAYDen,JAYDEN
BaiLEE,BAILEE
CHrISTIan,CHRISTIAN
00093,INVALID
ALEXANdRA,ALEXANDRA
5840716,INVALID
MICHAEL,MICHAEL
steLIO,STELIO
22090,INVALID
31246,INVALID
%}'&}.,INVALID
CALEb,CALEB
MACKENZIE,MACKENZIE
oLIVIA,OLIVIA
.)\.~,INVALID
ANNELIESE,ANNELIESE
ANDREw,ANDREW
HEaThEr,HEATHER
4670413,INVALID
031643,INVALID
1062,INVALID
JaiMEe,JAIMIE
481674,INVALID
007757,INVALID
6144,INVALID
3323041,INVALID
*+%=,INVALID
mItCHeLL,MITCHELL
ReBeCCA,REBECCA
(<(>-~,INVALID
69697,INVALID
",[@=<]$\",INVALID
^|'`^,INVALID
pAUl,PAUL
47956,INVALID
RILEY,RILEY
REGAnNE,
AnNABellA,ANNABELLA
AuRORA,AURORA
83546,INVALID
";),=",INVALID
30184,INVALID
090947,INVALID
312573,INVALID
425259,INVALID
sebAsTiAN,SEBASTIAN
"!)?/_~,?",INVALID
GeORGIa,GEORGIA
&.`\~,INVALID
wILliAM,WILLIAM
!#~~-,INVALID
1876,INVALID
KAdIn,KADIN
*>-&'^,INVALID
shAnNON,SHANNON
WILLAM,WILLIAM
9606340,INVALID
"}!+,&^",INVALID
0615,INVALID
JAimE,JAMIE
"];"",",INVALID
ZOE,ZOE
+;%~[,INVALID
257356288,INVALID
HAMISH,HAMISH
"]\""\&<%",INVALID
4676,INVALID
318,INVALID
"-$)_,",INVALID
6394422,INVALID
{@%]:,INVALID
|%*(}+,INVALID
908444,INVALID
7007253,INVALID
EMIily,EMILY
"?,*_|",INVALID
%|-~&.'',INVALID
"$,:--",INVALID
;].%>~|,INVALID
})\??^,INVALID
JACkSON,JACKSON
19786,INVALID
%+/;|-,INVALID
JOeL,JOEL
19552,INVALID
")""))#-",INVALID
2568,INVALID
03253,INVALID
zOE,ZOE
846949,INVALID
1870,INVALID
BeNjAMIN,BENJAMIN
$<':)<*^,INVALID
15943,INVALID
kYLIE,KYLIE
AnnABELLE,ANNABELLE
RoBerT,ROBERT
amBEr,AMBER
LACHLAN-John,LACHLAN-JOHN
"'*%*,",INVALID
ALEXAnDEr,Alexander
kAYNE,KAYNE
LEO,LEO
684,INVALID
RIlEy,RILEY
*:-!<*,INVALID
LuSHIA,LUSHIA
BRANDON,BRANDON
SArA,SARA
6330,INVALID
9433,INVALID
86818,INVALID
JoSHUa,JOSHUA
+/?%)-%$,INVALID
:\~*,INVALID
GRAcE,GRACE
10082,INVALID
%`@:$,INVALID
*_:<*%,INVALID
MADiSON,MADISON
644927,INVALID
EMIILY,EMILY
3802,INVALID
"@[`};~""~",INVALID
'=;{,INVALID
CaMERoN,CAMERON
930913390,INVALID
WillIaM,WILLIAM
752311,INVALID
922555,INVALID
(<;-),INVALID
)]_;$_,INVALID
KaITLIN,KAITLIN
dAnIKA,DANIKA
DEAN,DEAN
4598,INVALID
5981,INVALID
".,\""$%",INVALID
"%+-@,;",INVALID
"'];?;%>,",INVALID
>>:-};,INVALID
/*{:),INVALID
01595639,INVALID
HANNAh,HANNAH
"'<#*+``""",INVALID
985189,INVALID
pHoEbE,PHEBE
EmmEt,EMETT
89983,INVALID
MoNiQuE,MONIQUE
MADdISON,MADISON
2651521,INVALID
065039163,INVALID
SIdOnIE,SIDONIE
8632313,INVALID
"-%=%>""#",INVALID
45293,INVALID
58785,INVALID
554702,INVALID
185215,INVALID
7635284,INVALID
#-`-_$,INVALID
"):\""%",INVALID
345138,INVALID
"#,.>/`",INVALID
014817101,INVALID
pARiS,PARIS
-]~),INVALID
JASMINE,JASMINE
IzAAC,IZAAC
?'$&,INVALID
5365,INVALID
MIA,MIA
TiA,TIA
?{#;!>>,INVALID
~(->,INVALID
|:|[,INVALID
AlEc,ALEC
634476,INVALID
723091,INVALID
JaCKSOn,JACKSON
NAoMI,NAOMI
AlExiA,ALEXIA
MaEISON,MAISON
(~<,INVALID
3871235,INVALID
aLICIA,ALICIA
0309,INVALID
?>~_,INVALID
dAkOTA,DAKOTA
11646,INVALID
bRAnDON,BRANDON
:.%*%{,INVALID
='-`]<.`,INVALID
<'*/^\,INVALID
!_);%,INVALID
STIRlINg,STIRLING
`-#}+;|,INVALID
35909,INVALID
:<',INVALID
ALYSSa,ALYSSA
87518,INVALID
^:.,INVALID
862415,INVALID
"&?~}'*""",INVALID
"/""=%",INVALID
MaDisOn,MADISON
346330,INVALID
KaYla,KAYLA
WILLIAM,WILLIAM
158338,INVALID
_|&}`;,INVALID
16417,INVALID
.>)$+',INVALID
649296,INVALID
533219,INVALID
OWVeN,OWEN
78683,INVALID
!{*]}_,INVALID
";+:&:,",INVALID
93968,INVALID
%~={&?/\,INVALID
20912,INVALID
"<""@{)-",INVALID
6464124,INVALID
jADe,JADE
HaRRISON,HARRISON
219605,INVALID
26896,INVALID
_(&!(+=,INVALID
ELisHa,ELISHA
6417,INVALID
'=&\`_>,INVALID
HaRRy,HARRY
dalE,DALE
128102,INVALID
ELiZAbEtH,ELIZABETH
4121850,INVALID
_&]%,INVALID
84743,INVALID
"<=`""[+",INVALID
NAtHAn,NATHAN
18891,INVALID
596386,INVALID
KYLE,KYLE
RuBY,RUBY
lAchLAn,LACHLAN
\(><>,INVALID
0596,INVALID
24038,INVALID
JEsSIca,JESSICA
ELlA,ELIA
"@/`&*""",INVALID
<.?/`,INVALID
8731805,INVALID
!?'++,INVALID
8118844,INVALID
JACQUELiNe,JACQUELINE
ASHLEIGH,ASHLEIGH
12709112,INVALID
372,INVALID
cONNOr,CONNOR
74319413,INVALID
GRAYsON,GRAYSON
209308,INVALID
ChrISTIAN,CHRISTIAN
38016,INVALID
DyLAN,DYLAN
92173,INVALID
ALISA,ALISA
62558,INVALID
".""[:_?%[",INVALID
KYLe,KYLE
MaDDISOn,MADISON
2244552,INVALID
LaUrEN,LAUREN
'%&)=,INVALID
^&_>,INVALID
JASmINE,JASMINE
mOLLY,MOLLY
9790,INVALID
267644,INVALID
EMiIlY,EMILY
CAsEY,CASEY
_|~*#,INVALID
58540,INVALID
1712,INVALID
2971596,INVALID
31299560,INVALID
KRYstIn,KRYSTIN
eMMa,EMMA
604484,INVALID
33023,INVALID
^/=##,INVALID
1929903231,INVALID
%[[<\#~-,INVALID
289872,INVALID
%@[-&[,INVALID
BRODIE,BRODIE
59572098,INVALID
emiILy,EMILY
REBECCa,REBECCA
}.%<,INVALID
\]+]-,INVALID
BARkLy,BARKLY
'@-.=#,INVALID
LILLIANNa,LILLIANNA
305754,INVALID
lUcAst,LUCAS
&`{_.,INVALID
!${-,INVALID
ALEC,ALEC
AURORA,AURORA
7188659,INVALID
196780,INVALID
_/``,INVALID
HUdSON,HUDSON
BRiDgET,BRIDGET
TYLEr,TYLER
1056,INVALID
"_(@:"".+=",INVALID
(.~-,INVALID
721860,INVALID
KImbeRLy,KIMBERLY
CHELsEA,CHELSEA
_.=:,INVALID
"]$""+|$",INVALID
52793,INVALID
KADIN,KADIN
SHANe,SHANE
]&+@,INVALID
brEoNy,BREONY
4254,INVALID
]+`}:?,INVALID
3286805,INVALID
dYlAN,DYLAN
JACKSON,JACKSON
molLY,MOLLY
69066,INVALID
25752,INVALID
{|+>>,INVALID
"?=,#`",INVALID
jESSICA,JESSICA
TARNEE,TARNEE
ANTON,ANTON
806396,INVALID
nATALEe,NATALEE
MaDiSON,MADISON
8133391,INVALID
CASSIdY,CASSIDY
;-]|*;`@^,INVALID
hARRy,HARRY
517547,INVALID
^&/,INVALID
605265,INVALID
"](`~,[",INVALID
"`!&/-,^,",INVALID
6173474,INVALID
:=@>,INVALID
"<(\|,#",INVALID
PRIEST,PRIEST
.?-],INVALID
%/*'\|-?,INVALID
!#$)+!>,INVALID
MATTHEW,MATTHEW
(`??;|,INVALID
naThAn,NATHAN
];;>[,INVALID
asHlEY,ASHLEY
6410,INVALID
alEXANder,ALEXANDER
66749,INVALID
LexIE,LEXIE
EMMa,EMMA
KOULA,KOULA
310257,INVALID
bAYDEN,BIDEN
746063016,INVALID
NAtasSIA,NATASSIA
lIBBY,LIBBY
87407,INVALID
2119924,INVALID
706095,INVALID
"=/$(.$""&",INVALID
DakOTA,DAKOTA
RAcHeL,RACHEL
DaNieLLe,DANIELLE
":/&,,/\|",INVALID
095354,INVALID
598792,INVALID
",^=%~",INVALID
"(=:@=""",INVALID
"[$%}""",INVALID
RUBEn,RUBEN
'+?*!,INVALID
4496669,INVALID
06815477,INVALID
lacHLaN,LACHLAN
BROOkE,BROOKE
]}:`\_&^,INVALID
078199212,INVALID
dEAkYn,DEAKYN
"!/,?",INVALID
MARK,MARK
kiANA,KIANA
HaYDEn,HAYDEN
?`_=,INVALID
LATHAM,LATHAM
38050,INVALID
JEan-claudE,JEAN-CLAUDE
3168,INVALID
dECLeN,DECLEN
9868,INVALID
36080787,INVALID
aIDEN,AIDEN
|+:$,INVALID
%~\_,INVALID
HAYLEy,HAYLEY
aliSA,ALISA
7928414,INVALID
"""|~[,)>",INVALID
(!>,INVALID
2429614,INVALID
HARlEY,HARLEY
BRADLEY,BRADLEY
JESsiCA,JESSICA
5999811,INVALID
"/]""_",INVALID
$=*{,INVALID
":,$}{",INVALID
DANIELLA,DANIELLA
44818,INVALID
64743,INVALID
:'<'&,INVALID
61750,INVALID
HArRIsOn,HARRISON
{#^`*~,INVALID
MITCHElL,MITCHELL
BRiANna,BRIANNA
HArRy,HARRY
RubY,RUBY
BREoNY,BREONY
_>._\.,INVALID
6039483,INVALID
413133,INVALID
jOShUA,JOSHUA
"}""{!#~",INVALID
dEAKIN,DEAKIN
hOLLY,HOLLY
MOLLIe,MOLLIE
JaY,JAY
']#}..},INVALID
COURTNEy,COURTNEY
/(;[^,INVALID
594613,INVALID
1045120,INVALID
884654120,INVALID
SHELbY,SHELBY
AnDREW,ANDREW
91324,INVALID
"""%,}:%^",INVALID
RaCHEL,RACHEL
PolLY,POLLY
DeaKIn,DEAKIN
"""'@.:",INVALID
ArCHeR,ARCHER
HArRiSON,HARRISON
"~<',~+",INVALID
.*]!;,INVALID
5849,INVALID
^;.`.,INVALID
TAYLOR,TAYLOR
",.%+#{.^/",INVALID
rILEY,RILEY
niCHOLAS,NICHOLAS
|>)\[,INVALID
09751182,INVALID
[}++]@,INVALID
Jacob,JACOB
jaSmINE,JASMINE
TARNIa,TARNIA
KaTELIN,KATELYN
"%.*#`,%@",INVALID
36007,INVALID
776546,INVALID
"\{=[""",INVALID
5882,INVALID
LAcHlAN,LACHLAN
75183,INVALID
ABBEY,ABBEY
(>|%-,INVALID
^__}<},INVALID
gEorgiA,GEORGIA
DAviD,DAVID
gRACE,GRACE
63555,INVALID
BeNjAMiN,BENJAMIN
SARaH,SARAH
cHlOE,CHLOE
",$%^}(\",INVALID
FERGuS,FERGUS
TOBY,TOBY
AlEISHa,ALEISHA
096247,INVALID
<<&`?,INVALID
149750919,INVALID
wILlIAM,WILLIAM
44085,INVALID
:?.$!*&^,INVALID
HOLly,HOLLY
3665,INVALID
JaDE,JADE
[}-!],INVALID
245005,INVALID
04522,INVALID
RUBY,RUBY
jOeL,JOEL
MIchAELA,MICHAELA
mARLEiGH,MARLEIGH
)$.<,INVALID
mOllIe,MOLLIE
8719412,INVALID
NIKKI,NIKKI
90033,INVALID
983,INVALID
'}(+,INVALID
taLYAH,TALYAH
23032,INVALID
9023798,INVALID
<#]$',INVALID
)_#&,INVALID
4366254,INVALID
$![],INVALID
\\+_-,INVALID
24601508,INVALID
5708,INVALID
@&=[^;=,INVALID
dAnIEl,DANIEL
=:-?;=<,INVALID
ZACH,ZACH
"?&~#[,>",INVALID
9622805,INVALID
EVa,EVA
875,INVALID
>*|-<!,INVALID
"`&,$>%",INVALID
eMMA,EMMA
910253,INVALID
9780047,INVALID
"{)~,>{{[;",INVALID
KENNETH,KENNETH
631639,INVALID
CaiTlIN,CAITLIN
=;$=}}*,INVALID
524158,INVALID
JAMeS,JAMES
JaCOB,JACOB
59462,INVALID
"~.;-"":$.**\",INVALID
adam,ADAM
WaDe,WADE
"{.`""?=",INVALID
79919,INVALID
672,INVALID
9449,INVALID
lIam,LIAM
HoLLy,HOLLY
"/~^""?_",INVALID
cAiN,CAIN
CHLoE,CHLOE
^?<$!|},INVALID
STOCkALL,STOCKALL
ThOMAs,THOMAS
HOLLy,HOLLY
)<@`$`,INVALID
881518,INVALID
8837,INVALID
MaTiLda,MATILDE
"_~},@",INVALID
JaDe,JADE
"(""#<'-",INVALID
$:.%?~,INVALID
536871,INVALID
10675,INVALID
[|[;(,INVALID
""">!.",INVALID
cHLOE,CHLOE
2425,INVALID
BrADSHAW,BRADSHAW
829664185539,INVALID
`:|[{,INVALID
962459,INVALID
113090,INVALID
NiCHNlAs,NICHOLAS
ryAn,RYAN
30956,INVALID
1697716977,INVALID
BENjAmIn,BENJAMIN
aLEXANDER,ALEXANDER
";""\$[$;"";",INVALID
ANDReA,ANDREA
1465159,INVALID
AInSLEY,AINSLEY
948877,INVALID
48545,INVALID
231604,INVALID
",^,.*$",INVALID
8368,INVALID
&[|[!&<,INVALID
9892,INVALID
"""[[~}(",INVALID
'}_?&>[\,INVALID
$)^$\+,INVALID
"'=,/*%%",INVALID
SAManTHa,SAMANTHA
lUCAS,LUCAS
.:]<?#[,INVALID
TyLER,TYLER
"(""?)~^",INVALID
"""\!]",INVALID
"[,{|/",INVALID
",&%(,,@",INVALID
$/%`{!,INVALID
ROBbIE,ROBBIE
@={)?,INVALID
">\=!?""",INVALID
XANI,XANI
3531148,INVALID
MITChELL,MITCHELL
0033,INVALID
lAcHLAN,LACHLAN
"*&#:):""`",INVALID
";\~"",;-,""",INVALID
428581583,INVALID
ROBERT,ROBERT
176483,INVALID
906142,INVALID
TAkEisHA,TAKEISHA
43718,INVALID
"(<#$,&^",INVALID
LUCas,LUCAS
EbONY,EBONY
mADDiSoN,MADISON
178823,INVALID
2369586,INVALID
REUBEN,REUBEN
wILLOw,WILLOW
JAMES,JAMES
43745797265,INVALID
",?.^,/",INVALID
GEORGIA,GEORGIA
TaLYaH,TALYAH
JACQuELiNe,JACQUELINE
maTILDa,MATILDA
^$$|_/,INVALID
`.:;.,INVALID
"},:}?",INVALID
CHAnnING,CHANNING
PaFIS,
27522,INVALID
0258,INVALID
mICHAEl,MICHAEL
!&'-/<~[,INVALID
7408,INVALID
mATHILdE,MATHILDE
('`|(~,INVALID
14919,INVALID
03502549,INVALID
tImOtHY,TIMOTHY
MONtAnNA,MONTANA
jOSHUa,JOSHUA
33381,INVALID
$#&>,INVALID
luCaS,LUCAS
00510,INVALID
KAItLYN,KAITLYN
(~$~}@|-,INVALID
$~.^>:?],INVALID
phoENiX,PHOENIX
449680,INVALID
jACk,JACK
-&@~,INVALID
JacoB,JACOB
227853,INVALID
"@,)&|""[",INVALID
\-@)</,INVALID
":';""'+",INVALID
70245823,INVALID
9291682,INVALID
MAtTHew,MATTHEW
oLIvER,OLIVER
GeNEVIeVE,GENEVIEVE
<`);[&,INVALID
3935702,INVALID
418892,INVALID
076236,INVALID
03107,INVALID
EliZAbETh,ELIZABETH
"|,&?~\",INVALID
BEnjAMIn,BENJAMIN
"[$""<[/,%\",INVALID
ALEXAnDRA,ALEXANDRA
2594159,INVALID
SheLBEY,SHELBY
826925,INVALID
35686,INVALID
';@@,INVALID
91639724,INVALID
JaCQUElINE,JACQUELINE
"""~%/,!",INVALID
+('(&^,INVALID
20358801,INVALID
mAYA,MAYA
ViCTORiA,VICTORIA
$]{^,INVALID
JACKsON,JACKSON
{'}_!,INVALID
=>[+[,INVALID
31561,INVALID
nENEh,
jAKe,JACK
TIANA,TIANA
FerGUS,FERGUS
arABELLA,ARABELLA
:^'=-|,INVALID
soPHIE,SOPHIE
",?*;.@",INVALID
956944,INVALID
552420,INVALID
?)@~)`,INVALID
56754,INVALID
OLIvER,OLIVER
!!}?(*),INVALID
oLiVER,OLIVER
"""-&\/&",INVALID
8621190,INVALID
dAniEl,DANIEL
BrIdGET,BRIDGET
"%"".*$",INVALID
8311577,INVALID
SAmUeL,SAMUEL
4487,INVALID
-{]_,INVALID
EliZA,ELIZA
9476635,INVALID
?!>`[_{>,INVALID
",[)\^[",INVALID
-$_!,INVALID
@]#_.,INVALID
\]=[}|\~),INVALID
KIANDrA,KIANDRA
386821,INVALID
]@?\:]@',INVALID
.-)`],INVALID
"|@){""<$",INVALID
nAThAN,NATHAN
9920,INVALID
LiBBY,LIBBY
11241,INVALID
*|/|,INVALID
"|"",_-",INVALID
)^-}:}@,INVALID
94950,INVALID
NiCHoLAs,NICHOLAS
70611,INVALID
55658,INVALID
JORdan,JORDAN
NicHOLaS,NICHOLAS
''%_**,INVALID
gREGOrY,GREGORY
SebAsTIan,SEBASTIAN
;[[(&<,INVALID
bRADLey,BRADLEY
398,INVALID
7588451,INVALID
48705,INVALID
9470,INVALID
MITCHELl,MITCHELL
LIlLY,LILY
JEd,JED
BENjAMIN,BENJAMIN
783305,INVALID
ErIN,ERIN
EMIIlY,EMILY
11290,INVALID
/!!`.,INVALID
";"":{",INVALID
"^(""&)@>",INVALID
;(#]},INVALID
niCHoLAS,NICHOLAS
paRIs,PARIS
3808628,INVALID
01070740,INVALID
":+""^~<",INVALID
"'+:.%,%'",INVALID
974652,INVALID
mADElINe,MADELINE
MICHAeL,MICHAEL
<?`'$,INVALID
(&##,INVALID
520090,INVALID
MegAN,MEGAN
"!>,!:~=-",INVALID
&=-),INVALID
VICTORIa,VICTORIA
henRY,HENRY
267745,INVALID
153970,INVALID
KRANx,INVALID
CAMERON,CAMERON
".,^),}",INVALID
1981913,INVALID
KANE,KANE
",~(!",INVALID
26054,INVALID
3126826,INVALID
"-<,,",INVALID
cHRIstOPHEr,CHRISTOPHER
kIRRA,KIERRA
847028,INVALID
89694149,INVALID
\'/$;%,INVALID
sTEPhANIE,STEPHANIE
LUK,LUK
KrISTIN,KRISTIN
"<',.~;'",INVALID
AlEXANDRa,ALEXANDRA
";`;\%|""#",INVALID
PIa,PIA
_|:/(=,INVALID
9307,INVALID
+><&-'>^,INVALID
19332,INVALID
02535520,INVALID
HarRIeT,HARRIET
IsAbELlA,ISABELLA
234237,INVALID
;=@`\.,INVALID
)=&,INVALID
LACHLAN-jOHn,LACHLAN-JOHN
mAdDIsON,MADISON
}\<#$,INVALID
13630326,INVALID
nAtHaN,NATHAN
"}""!'&\*",INVALID
275048,INVALID
91387,INVALID
7532,INVALID
897593,INVALID
HaNNAH,HANNAH
ADaM,ADAM
28603,INVALID
MAdELEiNE,MADELEINE
LUKe,LUKE
">-'[{:~,~",INVALID
2104,INVALID
kIARA,KIRA
4712,INVALID
emIILY,EMILY
",>%#`]",INVALID
JOrDan,JORDAN
>)|;,INVALID
",+-<=",INVALID
CheLsEA,CHELSEA
9421587,INVALID
61195,INVALID
=:@:$[,INVALID
iSABELLa,ISABELLA
87346,INVALID
?@&[^~,INVALID
6524569,INVALID
@`-,INVALID
AaLIYaH,AALIYAH
=-/_-?,INVALID
*?[;/%#,INVALID
400643,INVALID
1133394,INVALID
BRODY,BRODY
"#""+<,",INVALID
"<&$""%",INVALID
JESSe,JESSE
"!'$+(.,",INVALID
RosIE,ROSIE
30852,INVALID
"_$""$]*'",INVALID
zACHARy,ZACHARY
THOmas,THOMAS
7889697,INVALID
JESSIcA,JESSICA
NeMESIA,NEMESIA
&]:{!^;,INVALID
"-,/`&`",INVALID
sASKIA,SASKIA
233225,INVALID
741415,INVALID
%[?>.,INVALID
/$%),INVALID
6150376,INVALID
"[',>%",INVALID
105223,INVALID
NICHOLaS,NICHOLAS
3541,INVALID
)``%*_|,INVALID
"[+#""{[!#",INVALID
15874504,INVALID
CHRiStoPHEr,CHRISTOPHER
920867,INVALID
38511238,INVALID
"?$:&{/:""'",INVALID
"~*);""",INVALID
eTHAN,ETHAN
zANE,ZANE
MElANiE,MELANIE
COnNoR,CONNOR
",}]-<",INVALID
'_:<',INVALID
ALICE,ALICE
MICHaeL,MICHAEL
AlySHa,ALYSHA
"*-""}<}[",INVALID
BRADleY,BRADLEY
MAry,MARY
796651,INVALID
973,INVALID
MiTChElL,MITCHELL
@<!,INVALID
341350,INVALID
}))>;],INVALID
JAKE,JAKE
jaSmIN,JASMIN
"({%""~",INVALID
?}>*$-,INVALID
]~]!-,INVALID
7547087,INVALID
@+`:,INVALID
831114,INVALID
'-[-]],INVALID
}|[<}>,INVALID
4000691,INVALID
95694585,INVALID
lUKE,LUKE
LILLIaN,LILLIAN
784537,INVALID
.!\/>&,INVALID
%+]-)=,INVALID
"'~.;""\",INVALID
IsaBELlA,ISABELLA
5533,INVALID
9437227,INVALID
RHETt,RHETT
4402,INVALID
|\^(,INVALID
975557,INVALID
BROOKE,BROOKE
`[-%{,INVALID
BENJAMIN,BENJAMIN
764825,INVALID
"`><""'(?*",INVALID
813379,INVALID
670405,INVALID
LIBbY,LIBBY
56519,INVALID
2279822,INVALID
MAGNUS,MAGNUS
^[&\-,INVALID
DoMINci,
6544628,INVALID
31263401,INVALID
125143,INVALID
AiDan,AIDAN
50644214,INVALID
32978,INVALID
"`?\!,",INVALID
25909,INVALID
tYnaN,TYNAN
2508,INVALID
/'>+,INVALID
"=,)'",INVALID
08601,INVALID
keaHLEy,KEALEY
;`+{,INVALID
toMMY,TOMMY
BEnjamIN,BENJAMIN
>_>*{,INVALID
"<""=%=>""""",INVALID
HayDEn,HAYDEN
jORDyN,JORDYN
WHITE,WHITE
2579150398,INVALID
HENRY,HENRY
.@%+\,INVALID
94443,INVALID
KOBE,KOBE
{{;^=-&}+,INVALID
KASEy,KASEY
`%>%#)[,INVALID
KYLEE,KYLEE
1370,INVALID
JOel,JOEL
64695,INVALID
81582,INVALID
LUcY,LUCY
kYle,KYLE
568378484,INVALID
ANDREW,ANDREW
alEIsHa,ALEISHA
",~:;?.==+",INVALID
JAcK,JACK
ARcHER,ARCHER
NAsYaH,NASYAH
FINN,FINN
CHELsEa,CHELSEA
:*(~#,INVALID
"""))#@?\(",INVALID
32597,INVALID
RIdiNG,RIDGING
NOah,NOAH
\$%}},INVALID
`#.(#^,INVALID
(=<>'{,INVALID
%|$+}/-]|,INVALID
665174,INVALID
51649308,INVALID
jACOb,JACOB
4377,INVALID
"[""*$]>(",INVALID
|@+,INVALID
42593,INVALID
4634739,INVALID
WhiTe,WHITE
"]_>?,",INVALID
iSaBeLLA,ISABELLA
2129,INVALID
0988189,INVALID
TIAHANA,TIAHANA
KIrRa,
CHaRlOTtE,CHARLOTTE
rAqUEL,RAQUEL
24932146,INVALID
76688649,INVALID
TImOTHY,TIMOTHY
JEsSICA,JESSICA
53175609,INVALID
6789,INVALID
*'@!},INVALID
02411,INVALID
"#.,/"".,",INVALID
;\*)_[(,INVALID
640613,INVALID
4101563,INVALID
EmiiLY,EMILY
^*``,INVALID
LUak,LUAK
sARah,SARAH
9033,INVALID
SaSCHA,SASCHA
[(}<,INVALID
MICHaEL,MICHAEL
776454,INVALID
ANTHOnY,ANTHONY
2599980,INVALID
768569006,INVALID
9458,INVALID
CARLa,CARLA
8601347,INVALID
",(~},/",INVALID
94499,INVALID
89548,INVALID
TEgAN,TEGAN
{>|@,INVALID
0456,INVALID
TeAHA,
"~[-,><'",INVALID
SHAE,SHAE
88955958,INVALID
WILlIaM,WILLIAM
00300,INVALID
chARLoTtE,CHARLOTTE
+()';,INVALID
6257,INVALID
"^/}-]~""`",INVALID
419617,INVALID
24437995,INVALID
MaTTHEw,MATTHEW
sARAH,SARAH
5552,INVALID
16962,INVALID
%}:=;>,INVALID
}*)-%_%=,INVALID
",.^{*+",INVALID
975880,INVALID
"~<[_-,",INVALID
912280,INVALID
",-@>",INVALID
9299255,INVALID
4714,INVALID
193749,INVALID
|&}<}\:,INVALID
DOMeNiQue,DOMINIQUE
4335864,INVALID
201047,INVALID
435325,INVALID
189710276838,INVALID
@?{$/,INVALID
4288,INVALID
TArA,TARA
josHuA,JOSHUA
;!+/+?,INVALID
2973842,INVALID
STIRlInG,STIRLING
ELLI,ELLI
8170,INVALID
THoMAS,THOMAS
0755,INVALID
8088343,INVALID
`!+}}{@,INVALID
",;(})_|",INVALID
9648,INVALID
CHaNNING,CHANNING
8254,INVALID
}?+?,INVALID
jOE,JOE
805790198,INVALID
269165,INVALID
LAWSOn,LAWSON
|#:}),INVALID
roHAN,ROHAN
511,INVALID
99226,INVALID
fERGUS,FERGUS
32326,INVALID
cARlIn,CARLIN
785,INVALID
COOpER,COOPER
REbeCcA,REBECCA
846971,INVALID
#^'<,INVALID
elLIE,ELLIE
33129,INVALID
~]:!+\`,INVALID
LAcHLAN,LACHLAN
=<+@,INVALID
900352,INVALID
#&*_\,INVALID
WIlLIAM,WILLIAM
"""&|^}$.",INVALID
259925,INVALID
AlANA,ALANA
=&??~[~,INVALID
729500,INVALID
MiTcHeLL,MITCHELL
"=`[;""",INVALID
MAdiSON,MADISON
679,INVALID
AnGeLICa,ANGELICA
aLEXaNDRA,ALEXANDRA
3112971,INVALID
MaDISOn,MADISON
38494,INVALID
71053,INVALID
CAIn,CAIN
GABRIelLE,GABRIELLE
(}+#=@,INVALID
"\?/""",INVALID
787755135,INVALID
666243,INVALID
"},-]@`",INVALID
"{~:,\}=!",INVALID
143076,INVALID
TEeGAN,TEEGAN
1516179,INVALID
lUCas,LUCAS
;/-[,INVALID
8674327,INVALID
SIMOn,SIMON
=]*?)},INVALID
"""-),_",INVALID
70545235,INVALID
472948,INVALID
8550043,INVALID
910251,INVALID
!#%-,INVALID
"|:(}&%]?""",INVALID
4874,INVALID
")"".@{",INVALID
JAcoB,JACOB
5718835,INVALID
leWis,LEWIS
BAiLeY,BAILEY
@/!/{.,INVALID
VANesSA,VANESSA
MAya,MAYA
84457,INVALID
75915388,INVALID
jACkSON,JACKSON
154256,INVALID
}!*?'|\?,INVALID
017956,INVALID
"[""={",INVALID
LeWIS,LEWIS
+.-,INVALID
jArED,JARED
90552,INVALID
TYlER,TYLER
076581,INVALID
=>-|}{/,INVALID
895563,INVALID
(|#,INVALID
116461,INVALID
"*.+~?_:,",INVALID
",|""-`@",INVALID
"=`(-@.,",INVALID
$;?>\#,INVALID
779366,INVALID
"'#+""&",INVALID
AMBrOSIa,AMBROSIA
reBECcA,REBECCA
185561,INVALID
CHRIsTOpHER,CHRISTOPHER
?%`=.,INVALID
/|>(,INVALID
)?&-,INVALID
13279780,INVALID
"$""&-|\{",INVALID
88783,INVALID
AnnaBEL,ANNABEL
corie,CORIE
MiTCHELl,MITCHELL
%-'=#|;(,INVALID
5048866,INVALID
CLAUdiA,CLAUDIA
beNJAMin,BENJAMIN
GeORGiA,GEORGIA
"<::&;},",INVALID
|;*?.,INVALID
)%$?<${%,INVALID
46967,INVALID
9526405,INVALID
HArrISON,HARRISON
JAMes,JAMES
)(@>:,INVALID
">["".>",INVALID
JamES,JAMES
``_$;,INVALID
[]`<,INVALID
{)$_{*,INVALID
38580,INVALID
]()~+,INVALID
802569,INVALID
\/'+-,INVALID
<%|[@.,INVALID
2631,INVALID
",\?",INVALID
COuRTNEY,COURTNEY
5671,INVALID
380521,INVALID
446363,INVALID
"?""([}",INVALID
8228550,INVALID
77749312,INVALID
401381,INVALID
%##;|~>[,INVALID
5248,INVALID
"&&~{\$:=,;;",INVALID
63258,INVALID
}|~_(,INVALID
{'/!??,INVALID
-'<.{#,INVALID
##%<&,INVALID
BAYDEN,BAYDEN
166205,INVALID
MaXIN,MAXIN
313536,INVALID
}{}?,INVALID
5128835,INVALID
"#^$$,[",INVALID
916580,INVALID
64869,INVALID
4190,INVALID
"=^_;|""|",INVALID
28445,INVALID
"#,--$:/",INVALID
JESsICa,JESSICA
TaYLOr-SAIGE,TAYLOR-SAIGE
DAYNa,DAYNA
360632,INVALID
299618,INVALID
7451,INVALID
jORDaN,JORDAN
}&:$,INVALID
$<$\-,INVALID
bRAYDeN,BRAYDEN
6937381,INVALID
4683,INVALID
AMEliA,AMELIA
3552931,INVALID
jAsMINE,JASMINE
"]>\^;#{,",INVALID
_&>)/],INVALID
",<;$[|",INVALID
Isabelle,ISABELLE
TiANA,TIANA
1982,INVALID
"*%{""",INVALID
5544260,INVALID
ELLIE,ELLIE
ALaNA,ALANA
'+!&}`!];,INVALID
`$~|$!,INVALID
jackson,JACKSON
aPRIL,APRIL
tRiNiTy,TRINITY
AIDaN,AIDAN
58986,INVALID
SAaH,SAAH
12337214,INVALID
929828,INVALID
ISABelLA,ISABELLA
bETHAnY,BETHANY
EmiIlY,EMILY
";@""$@",INVALID
nikIta,NIKITA
"""|~$",INVALID
mAtTHEW,MATTHEW
;|;^!#|,INVALID
2574958,INVALID
<^#~{?>,INVALID
_`]`],INVALID
7610,INVALID
TAHLIA,TAHLIA
"-@^),",INVALID
^`@`}#!,INVALID
04255,INVALID
ArcHIE,ARCHIE
1012,INVALID
3045,INVALID
2173815,INVALID
238218,INVALID
0730338,INVALID
"}""/*&>'",INVALID
|=@:>],INVALID
9870,INVALID
|=[(}+,INVALID
75020,INVALID
ALEX,ALEX
3123,INVALID
1037,INVALID
5752,INVALID
971091,INVALID
"^*,~?#-",INVALID
bRAYDEN,BRAYDEN
882368,INVALID
303156,INVALID
"$,!^[/",INVALID
^{'{`),INVALID
^{:@,INVALID
61641,INVALID
0424,INVALID
TOBy,TOBY
rUBY,RUBY
862111,INVALID
LEWIS,LEWIS
CoNOR,CONOR
OLiVeR,OLIVER
812896300,INVALID
23402394,INVALID
JayDeN,JAYDEN
!$|(,INVALID
CaLEB,CALEB
NOAh,NOAH
+)'[)*,INVALID
054948,INVALID
"~,|*{",INVALID
945644349,INVALID
BrEOnY,BREONY
}&#&.,INVALID
zAKARiAH,
36821,INVALID
789253,INVALID
LUCSA,LUCSA
CLaUdIA,CLAUDIA
!-<*_,INVALID
"[:=;,^#",INVALID
88155724,INVALID
HARLEY,HARLEY
>|}*,INVALID
$_`[,INVALID
639611,INVALID
182183,INVALID
JYE,
:%~|%:?,INVALID
eLLA,ELLA
61827389,INVALID
EBoNY,EBONY
JAsMInE,JASMINE
7824,INVALID
5910590,INVALID
>)$,INVALID
1469597,INVALID
HAYDEN,HAYDEN
HaRRY,HARRY
ABbEY,ABBEY
hARRIET,HARRIET
jACK,JACK
:?*`',INVALID
"|'|:,",INVALID
061289,INVALID
2645,INVALID
653358,INVALID
5038,INVALID
91818,INVALID
'!~;!,INVALID
'_~,INVALID
].**/_,INVALID
BRADLey,BRADLEY
5050,INVALID
kYNAN,
]=.<{`,INVALID
HELS,HELS
!}|{#*-,INVALID
90000,INVALID
13586,INVALID
0106,INVALID
ZACHAry,ZACHARY
:.]=*,INVALID
<?_]<,INVALID
RUBy,RUBY
maRiA,MARIA
^$[%*_+|,INVALID
33176,INVALID
!.!~+,INVALID
jAgGAH,JAGGAH
][$)$&,INVALID
'%=-,INVALID
",*~?}",INVALID
""">+?~",INVALID
0932,INVALID
"""-]-'=/",INVALID
456656276,INVALID
7813735,INVALID
`~%};!,INVALID
KiRA,KIRA
JOSHUa,JOSHUA
KyLE,KYLE
MAKENZI,MAKENZI
@\='|#`,INVALID
LACHLAN,LACHLAN
8583513,INVALID
803249,INVALID
'(-@/:,INVALID
KYlIE,KYLIE
DELAnEY,DELANEY
189794,INVALID
1186,INVALID
"}${]*.,",INVALID
939750,INVALID
1487750,INVALID
lACHLAN,LACHLAN
GReEN,GREEN
15160,INVALID
ROSIE,ROSIE
"]"">/",INVALID
TahLiA,TAHLIA
25402,INVALID
jORdYN,JORDYN
7235791,INVALID
HANNAH,HANNAH
mIchAEL,MICHAEL
ISABeLle,ISABELLE
29945,INVALID
JAdEN,JADEN
473248,INVALID
`#/_\)@,INVALID
356362,INVALID
"*""}`>@",INVALID
TAhNeR,TANNER
38679138,INVALID
436224,INVALID
julianA,JULIANA
CHaRLIE,CHARLIE
bENJaMiN,BENJAMIN
bEthANY,BETHANY
">@*?"".[",INVALID
/$||-,INVALID
3218350,INVALID
jESsICA,JESSICA
CHaRLiE,CHARLIE
aBBY,ABBY
"\+,=|",INVALID
5056,INVALID
"(-,%",INVALID
(!~,INVALID
.\-?){,INVALID
ANGELIcA,ANGELICA
*.%},INVALID
93464702,INVALID
$*:|'_{,INVALID
386310,INVALID
37654828,INVALID
2073,INVALID
647785,INVALID
2034104028,INVALID
9220,INVALID
7000,INVALID
BEth,BETH
*-$,INVALID
MoLLY,MOLLY
.{{#<>,INVALID
AlISHA,ALISHA
270192,INVALID
7258607,INVALID
`*+/*+,INVALID
INDIA,INDIA
$<'#@%_,INVALID
^@+]'!,INVALID
Eva,EVA
kELSea,KELSEA
66592496,INVALID
127960,INVALID
42770,INVALID
607,INVALID
JESSICa,JESSICA
;{?*@,INVALID
21306433,INVALID
LUKE,LUKE
KOBEN,KOBEN
76821,INVALID
49968,INVALID
"~)=""`.-$?",INVALID
"""##}",INVALID
"$+`,",INVALID
'{{}[,INVALID
]<>?[[,INVALID
JAcob,JACOB
)@<_`*,INVALID
DYlAN,DYLAN
LuKE,LUKE
TRAvIs,TRAVIS
"/,=?""",INVALID
gRAcIE,GRACE
ELIZabETH,ELIZABETH
31666856,INVALID
)-_`<[,INVALID
}+:',INVALID
"<@/!_""",INVALID
HarRISOn,HARRISON
4653,INVALID
"~{%]""/^",INVALID
"%,%=$/",INVALID
\&*^},INVALID
2238,INVALID
878570,INVALID
0138,INVALID
":|""&[",INVALID
561016254,INVALID
&)`,INVALID
""")>",INVALID
eMmA,EMMA
\:/-,INVALID
)|`$*:,INVALID
9891501,INVALID
4988768,INVALID
;{`@};,INVALID
dAnIEL,DANIEL
5440607,INVALID
rORY,RORY
JAYDEn,JAYDEN
998197339,INVALID
CHRISTInA,CHRISTINA
199,INVALID
"*:,^|[",INVALID
"+'_';,",INVALID
8822718,INVALID
"%)+>|,",INVALID
cATHERINE,CATHERINE
jaiDEn,JAIDEN
745429,INVALID
69361,INVALID
343041,INVALID
>~}^=,INVALID
0405438,INVALID
449600131,INVALID
=?%},INVALID
.+}~<;,INVALID
aNTHEa,ANTHEA
LIL Y,LIL Y
106599,INVALID
SOpHiE,SOPHIE
KAYlA,KAYLA
NIChOLAS,NICHOLAS
JACISOn,JACISON
HATTIE,HATTIE
SArah,SARAH
CaSey,CASEY
?$~*%,INVALID
353796,INVALID
$/[>(@]],INVALID
${-,INVALID
")<;*(./"")",INVALID
PARIs,PARIS
saMUEL,SAMUEL
5629004,INVALID
}/&';,INVALID
"#,+:<",INVALID
AJAy,AJAY
JAYdEN,JAYDEN
\;[^,INVALID
#'|,INVALID
5386,INVALID
852766,INVALID
BlAKEStOn,BLAKESTON
robBiE,ROBBIE
38632,INVALID
ALeXANDER,ALEXANDER
"%(/""]\\",INVALID
":$""",INVALID
LAcHLZN,LACHLZN
mADiSON,MADISON
904702,INVALID
3039,INVALID
}<\)_,INVALID
2685522,INVALID
689505,INVALID
^`.([:{\[,INVALID
7020,INVALID
hUgO,HUGO
2697,INVALID
9219226,INVALID
5601923,INVALID
749491,INVALID
zACHArIAH,ZACHARIAH
HANIGan,HANIGAN
dANTE,DANTE
""",*}\`}`",INVALID
57914,INVALID
RYLEH,RYLEH
{_*,INVALID
alYSsA,ALYSSA
nACOyA,NACOYA
#%){,INVALID
BAILEE,BAILEE
0537920,INVALID
jED,JED
TAYlAH,TAYLAH
992632,INVALID
PIA,PIA
MAdElEinE,MADELEINE
/^\%:,INVALID
aImEE,AIMEE
MITcHeLL,MITCHELL
NATHAN,NATHAN
232786,INVALID
"*),"">",INVALID
SAMAnTHA,SAMANTHA
"^'{;""",INVALID
448789012,INVALID
CAITLIN,CAITLIN
KIeraN,KIERAN
/>/*[,INVALID
{~&?:>:#[,INVALID
|$[(:,INVALID
jeSSICA,JESSICA
dANtE,DANTE
05227977,INVALID
AIMEE,AIMEE
65598119,INVALID
914458,INVALID
@=(_-},INVALID
526,INVALID
HaYDEN,HAYDEN
cHARLotTe,CHARLOTTE
"""![][!<;",INVALID
ALEXANDER,ALEXANDER
eThAN,ETHAN
CLAUDIa,CLAUDIA
718377293,INVALID
001155,INVALID
taHNEE,TAHNEE
:}'`\|}}?,INVALID
KElSEA,KELSEA
752212970,INVALID
:<@]|;};,INVALID
143104,INVALID
113592,INVALID
;_(?!!#\#,INVALID
!.^|<^,INVALID
34338,INVALID
!+%-!/,INVALID
8451,INVALID
AlYSSA,ALYSSA
HanNAH,HANNAH
ElIzA,ELISA
GRACE,GRACE
636325,INVALID
454,INVALID
6811,INVALID
17721,INVALID
43981,INVALID
710091,INVALID
93352,INVALID
2694104,INVALID
GIOrgIa,GEORGIA
KARISSA,
PHoEbe,PHEBE
60728,INVALID
818560,INVALID
SAraH,SARAH
430226708,INVALID
645949,INVALID
1555,INVALID
05725632,INVALID
153307,INVALID
+:*'~/,INVALID
">(^!,`",INVALID
ALEXAnDER,ALEXANDER
<`.,INVALID
"}[""*+",INVALID
:_#|{^,INVALID
386612748,INVALID
1613,INVALID
DyLaN,DYLAN
6434891,INVALID
413,INVALID
}.?[,INVALID
6323,INVALID
LaRISSA,LARISSA
990492,INVALID
1954315,INVALID
110370,INVALID
LUKA,LUKA
ISABELlA,ISABELA
5467506,INVALID
]#'<>%%,INVALID
cHLOe,CHLOE
eRIN,ERIN
\>}-:,INVALID
4218216,INVALID
23204,INVALID
JoHn,JOHN
ANtHONY,ANTHONY
ALEc,ALEC
@#^<-,INVALID
}]}`'{;,INVALID
eMIiLy,EMILY
'^:`)),INVALID
589009,INVALID
6873,INVALID
COURTNEY,COURTNEY
;{{+,INVALID
"\(&*|;*},",INVALID
210661,INVALID
%={>>,INVALID
73724,INVALID
_/|,INVALID
295001,INVALID
MAkEnZi,MCKENZIE
BrIANNA,BRIANNA
576290,INVALID
64870,INVALID
PETReECe,PETREECE
62916,INVALID
JEMMa,JEMMA
11222,INVALID
>.^*,INVALID
@=`?&,INVALID
~:%<;[%,INVALID
HAydEN,HAYDEN
BrIANNa,BRIANNA
94080919,INVALID
4898044,INVALID
/~->|_<,INVALID
""">%#\@",INVALID
BaILEY,BAILEY
45503681,INVALID
"#*]#""?:",INVALID
696357,INVALID
*`]@>)>,INVALID
taRA,TARA
OLIVIa,OLIVIA
rosIE,ROSIE
`#\_.,INVALID
09249231,INVALID
~)>[<)%,INVALID
HAYLey,HAYLEY
cAMEROn,CAMERON
JAmEs,JAMES
38969,INVALID
"<]<?\<,",INVALID
077023606,INVALID
>#_#?,INVALID
303743379,INVALID
?_)',INVALID
#=^_,INVALID
4683629,INVALID
^&.`,INVALID
"!,(|"":,",INVALID
"]@}?'"":+",INVALID
EMERSON,EMERSON
44028,INVALID
ABBEy,ABBEY
KaRISSA,
BaILeE,BAILEE
olIVEr,OLIVER
0618272,INVALID
#+|??,INVALID
007887,INVALID
:]=][,INVALID
356298030,INVALID
ALIsA,ALISA
TANSY,TANSY
]#+:-/,INVALID
CHelSEA,CHELSEA
47061,INVALID
';[=[,INVALID
834493,INVALID
toYbY,INVALID
CALluM,CALLUM
&(!.?{@=,INVALID
6412877,INVALID
5712270,INVALID
SOLOmOn,SOLOMON
JaCQueLINE,JACQUELINE
[`$*($,INVALID
D'ARCY,D'ARCY
123,INVALID
alExANER,ALEXANDER
880945181,INVALID
60883995,INVALID
asHlIE,ASHLIE
KAsEY,CASEY
"^""-,",INVALID
0442954,INVALID
COOpEr,COOPER
773239,INVALID
ANNaBELLA,ANNABELLA
"^:,?/?:#=",INVALID
LibBY,LIBBY
258931,INVALID
71967,INVALID
92402,INVALID
KATHARinE,KATHERINE
*$%?),INVALID
4319900,INVALID
2487004051,INVALID
KRiSTO,KRISTO
CaMBELl,CAMPBELL
`}%_}(#,INVALID
@{=<|,INVALID
BLAKe,BLAKE
6941257,INVALID
?^^*%.`^,INVALID
KeLseA,KELSEA
MIa,MIA
5097531,INVALID
493901,INVALID
GeORgiA,GEORGIA
">[/""'*",INVALID
jaDe,JADE
9692445,INVALID
NATALA,NATALA
NEnEH,
22306,INVALID
"'\?""",INVALID
JAMEs,JAMES
[)$,INVALID
"=)$"".<\~(",INVALID
)$`:<,INVALID
4646,INVALID
JeSSe,JESSE
#<{?/\,INVALID
THOMAs,THOMAS
5668092,INVALID
tAYAH,
#+$=`),INVALID
{_%_,INVALID
